발표시각,지역,해당지역,특보종류,특보수준,특보명령,발효시각
2020-05-02 21:00:00,부산·울산·경상남도,"울산, 부산, 경상남도(고성, 거제, 통영 제외)",건조,주의보,해제,2020-05-02 21:00:00
2020-05-09 09:30:00,부산·울산·경상남도,"울산, 부산, 경상남도(남해, 거제, 통영)",강풍,주의보,발표,2020-05-09 11:00:00
2020-05-09 09:30:00,부산·울산·경상남도,"남해동부앞바다(거제시동부앞바다, 경남서부남해앞바다, 부산앞바다)",풍랑,주의보,발표,2020-05-09 11:00:00
2020-05-09 16:00:00,부산·울산·경상남도,"울산, 부산, 경상남도(남해, 거제, 통영)",강풍,주의보,해제,2020-05-09 18:00:00
2020-05-09 19:00:00,부산·울산·경상남도,"남해동부앞바다(거제시동부앞바다, 경남서부남해앞바다, 부산앞바다)",풍랑,주의보,해제,2020-05-09 21:00:00
2020-05-19 10:00:00,부산·울산·경상남도,"울산, 부산, 경상남도(거제, 통영)",강풍,주의보,발표,2020-05-19 13:00:00
2020-05-19 10:00:00,부산·울산·경상남도,"남해동부앞바다(거제시동부앞바다, 경남서부남해앞바다, 부산앞바다), 동해남부앞바다(울산앞바다)",풍랑,주의보,발표,2020-05-19 13:00:00
2020-05-19 10:00:00,부산·울산·경상남도,"남해동부앞바다(거제시동부앞바다, 경남서부남해앞바다, 부산앞바다), 동해남부앞바다(울산앞바다)",풍랑,주의보,발표,2020-05-19 13:00:00
2020-05-19 21:00:00,부산·울산·경상남도,"울산, 부산, 경상남도(거제, 통영)",강풍,주의보,해제,2020-05-19 23:00:00
2020-05-19 21:00:00,부산·울산·경상남도,"남해동부앞바다(거제시동부앞바다, 경남서부남해앞바다, 부산앞바다), 동해남부앞바다(울산앞바다)",풍랑,주의보,해제,2020-05-19 23:00:00
2020-05-19 21:00:00,부산·울산·경상남도,"남해동부앞바다(거제시동부앞바다, 경남서부남해앞바다, 부산앞바다), 동해남부앞바다(울산앞바다)",풍랑,주의보,해제,2020-05-20 01:00:00
2020-06-12 23:00:00,부산·울산·경상남도,"울산, 부산, 경상남도(진주, 양산, 합천, 거창, 함양, 산청, 창녕, 함안, 의령, 밀양, 김해, 창원)",호우,주의보,발표,2020-06-13 00:00:00
2020-06-13 02:30:00,부산·울산·경상남도,"부산, 경상남도(고성, 창원)",호우,경보,변경,2020-06-13 02:30:00
2020-06-13 07:10:00,부산·울산·경상남도,"부산, 경상남도(남해, 고성, 사천, 창원)",호우,경보,해제,2020-06-13 07:10:00
2020-06-29 18:00:00,부산·울산·경상남도,"울산, 부산, 경상남도(남해, 고성, 거제, 사천, 통영, 하동, 김해, 창원)",강풍,주의보,발표,2020-06-29 21:00:00
2020-06-29 19:30:00,부산·울산·경상남도,부산,호우,주의보,발표,2020-06-29 19:30:00
2020-06-30 02:00:00,부산·울산·경상남도,"울산, 부산, 경상남도(양산, 김해)",호우,주의보,해제,2020-06-30 02:00:00
2020-06-30 15:00:00,부산·울산·경상남도,"울산, 부산, 경상남도(남해, 고성, 거제, 사천, 통영, 하동, 김해, 창원)",강풍,주의보,해제,2020-06-30 16:00:00
2020-07-10 07:30:00,부산·울산·경상남도,"부산, 경상남도(거제, 통영)",호우,경보,변경,2020-07-10 07:30:00
2020-07-10 08:30:00,부산·울산·경상남도,"울산, 부산, 경상남도(남해, 고성, 거제, 사천, 통영, 창원)",강풍,주의보,발표,2020-07-10 10:00:00
2020-07-10 10:30:00,부산·울산·경상남도,"남해동부앞바다(거제시동부앞바다, 부산앞바다), 동해남부앞바다(울산앞바다)",풍랑,주의보,발표,2020-07-10 13:00:00
2020-07-10 13:20:00,부산·울산·경상남도,"울산, 부산",호우,경보,해제,2020-07-10 13:20:00
2020-07-10 15:30:00,부산·울산·경상남도,"울산, 부산, 경상남도(남해, 고성, 거제, 사천, 통영, 창원)",강풍,주의보,해제,2020-07-10 15:30:00
2020-07-10 18:00:00,부산·울산·경상남도,"남해동부먼바다, 남해동부앞바다(거제시동부앞바다, 부산앞바다), 동해남부앞바다(울산앞바다)",풍랑,주의보,해제,2020-07-10 20:00:00
2020-07-12 22:00:00,부산·울산·경상남도,"울산, 부산, 경상남도(양산, 김해)",호우,주의보,발표,2020-07-13 00:00:00
2020-07-13 14:00:00,부산·울산·경상남도,"울산, 부산, 경상남도(양산)",호우,주의보,해제,2020-07-13 14:00:00
2020-07-22 03:00:00,부산·울산·경상남도,"부산, 경상남도(남해, 고성, 거제, 사천, 통영, 하동, 김해)",호우,주의보,발표,2020-07-22 04:00:00
2020-07-22 10:00:00,부산·울산·경상남도,부산,호우,주의보,해제,2020-07-22 10:00:00
2020-07-23 13:00:00,부산·울산·경상남도,부산,호우,주의보,발표,2020-07-23 13:00:00
2020-07-23 13:00:00,부산·울산·경상남도,부산,호우,주의보,발표,2020-07-23 14:00:00
2020-07-23 20:00:00,부산·울산·경상남도,"울산, 부산, 경상남도(창원)",호우,경보,변경,2020-07-23 20:00:00
2020-07-23 21:00:00,부산·울산·경상남도,"남해동부앞바다(거제시동부앞바다, 경남서부남해앞바다, 부산앞바다), 동해남부앞바다(울산앞바다)",풍랑,주의보,발표,2020-07-23 23:00:00
2020-07-23 21:00:00,부산·울산·경상남도,"남해동부앞바다(거제시동부앞바다, 경남서부남해앞바다, 부산앞바다), 동해남부앞바다(울산앞바다)",풍랑,주의보,발표,2020-07-24 00:00:00
2020-07-23 21:30:00,부산·울산·경상남도,"울산, 부산, 경상남도(남해, 고성, 거제, 사천, 통영)",강풍,주의보,발표,2020-07-23 21:30:00
2020-07-24 09:30:00,부산·울산·경상남도,"울산, 부산, 경상남도(남해, 고성, 거제, 사천, 통영)",강풍,주의보,해제,2020-07-24 12:00:00
2020-07-24 09:30:00,부산·울산·경상남도,"남해동부앞바다(거제시동부앞바다, 경남서부남해앞바다, 부산앞바다), 동해남부앞바다(울산앞바다)",풍랑,주의보,해제,2020-07-24 12:00:00
2020-07-27 13:00:00,부산·울산·경상남도,"부산, 경상남도(남해, 고성, 거제, 사천, 통영, 하동, 창원)",호우,주의보,발표,2020-07-27 16:00:00
2020-07-27 23:00:00,부산·울산·경상남도,"울산, 부산, 경상남도(양산, 고성, 거제, 통영, 밀양, 김해, 창원)",호우,주의보,해제,2020-07-27 23:00:00
2020-07-29 12:50:00,부산·울산·경상남도,부산,호우,주의보,발표,2020-07-29 12:50:00
2020-07-29 16:10:00,부산·울산·경상남도,부산,호우,주의보,해제,2020-07-29 16:10:00
2020-07-30 03:10:00,부산·울산·경상남도,부산,호우,주의보,발표,2020-07-30 03:10:00
2020-07-30 04:10:00,부산·울산·경상남도,부산,호우,주의보,해제,2020-07-30 04:10:00
2020-07-30 11:10:00,부산·울산·경상남도,"울산, 부산, 경상남도(진주, 양산, 사천, 합천, 거창, 함양, 산청, 하동, 창녕, 함안, 의령, 밀양, 김해, 창원)",폭염,주의보,발표,2020-07-31 11:00:00
2020-08-01 11:00:00,부산·울산·경상남도,"부산, 경상남도(양산, 김해, 창원)",폭염,경보,변경,2020-08-01 11:00:00
2020-08-03 11:00:00,부산·울산·경상남도,"부산, 경상남도(양산, 김해, 창원)",폭염,주의보,변경,2020-08-03 11:00:00
2020-08-05 16:00:00,부산·울산·경상남도,"울산, 부산, 경상남도",폭염,주의보,해제,2020-08-05 16:00:00
2020-08-06 04:00:00,부산·울산·경상남도,"울산, 부산, 경상남도(남해, 거제, 통영)",강풍,주의보,발표,2020-08-06 04:00:00
2020-08-06 16:00:00,부산·울산·경상남도,"울산, 부산, 경상남도(남해, 거제, 통영)",강풍,주의보,해제,2020-08-06 16:00:00
2020-08-07 17:50:00,부산·울산·경상남도,"울산, 부산, 경상남도(양산, 김해, 창원)",호우,주의보,발표,2020-08-07 17:50:00
2020-08-07 19:10:00,부산·울산·경상남도,부산,호우,경보,변경,2020-08-07 19:10:00
2020-08-08 01:10:00,부산·울산·경상남도,부산,강풍,주의보,발표,2020-08-08 01:10:00
2020-08-08 16:00:00,부산·울산·경상남도,부산,강풍,주의보,해제,2020-08-08 16:00:00
2020-08-09 09:00:00,부산·울산·경상남도,"부산, 경상남도(진주, 거제, 통영, 합천, 거창, 함양, 산청, 하동, 창녕, 의령)",호우,경보,해제,2020-08-09 09:00:00
2020-08-09 18:00:00,부산·울산·경상남도,"부산, 경상남도(거제)",호우,주의보,발표,2020-08-09 20:00:00
2020-08-10 05:00:00,부산·울산·경상남도,"부산, 경상남도(거제)",호우,주의보,해제,2020-08-10 05:00:00
2020-08-10 11:00:00,부산·울산·경상남도,"울산, 부산, 경상남도(양산, 고성, 거창, 함양, 창녕, 함안, 밀양, 김해, 창원), 동해남부앞바다(울산앞바다)",태풍,주의보,발표,2020-08-10 11:00:00
2020-08-10 16:00:00,부산·울산·경상남도,"울산, 부산, 경상남도",폭염,주의보,발표,2020-08-11 11:00:00
2020-08-10 16:55:00,부산·울산·경상남도,"울산, 부산, 경상남도, 남해동부전해상, 동해남부앞바다(울산앞바다)",태풍,주의보,해제,2020-08-10 16:55:00
2020-08-10 17:00:00,부산·울산·경상남도,"울산, 부산, 경상남도(거제)",강풍,주의보,발표,2020-08-10 17:00:00
2020-08-10 21:30:00,부산·울산·경상남도,"울산, 부산, 경상남도(거제)",강풍,주의보,해제,2020-08-10 21:30:00
2020-08-13 13:40:00,부산·울산·경상남도,"부산, 경상남도(양산, 사천, 함양, 김해)",폭염,경보,변경,2020-08-13 13:40:00
2020-08-21 16:00:00,부산·울산·경상남도,"부산, 경상남도(진주, 양산, 사천, 합천, 거창, 함양, 산청, 하동, 창녕, 함안, 의령, 밀양, 김해, 창원)",폭염,주의보,변경,2020-08-21 16:00:00
2020-08-31 16:30:00,부산·울산·경상남도,"부산, 경상남도(남해, 거제, 합천, 거창, 함양, 산청, 의령, 밀양, 창원)",폭염,주의보,해제,2020-08-31 16:30:00
2020-09-02 07:30:00,부산·울산·경상남도,"울산, 부산, 경상남도(창녕)",호우,주의보,발표,2020-09-02 07:30:00
2020-09-02 10:00:00,부산·울산·경상남도,"울산, 부산, 경상남도(진주, 양산, 고성, 거제, 사천, 통영, 산청, 하동, 창녕, 함안, 의령, 밀양, 김해, 창원), 남해동부앞바다(거제시동부앞바다, 경남중부남해앞바다, 부산앞바다)",태풍,주의보,변경,2020-09-02 12:00:00
2020-09-02 10:00:00,부산·울산·경상남도,"울산, 부산, 경상남도(진주, 양산, 고성, 거제, 사천, 통영, 산청, 하동, 창녕, 함안, 의령, 밀양, 김해, 창원), 남해동부앞바다(거제시동부앞바다, 경남중부남해앞바다, 부산앞바다)",태풍,주의보,변경,2020-09-02 14:00:00
2020-09-02 17:00:00,부산·울산·경상남도,"울산, 부산, 경상남도(양산, 남해, 고성, 거제, 사천, 통영, 김해, 창원), 남해동부앞바다, 동해남부앞바다(울산앞바다)",태풍,경보,변경,2020-09-02 20:00:00
2020-09-03 06:30:00,부산·울산·경상남도,"울산, 부산, 경상남도(거제, 통영)",강풍,주의보,변경,2020-09-03 09:00:00
2020-09-03 06:30:00,부산·울산·경상남도,"남해동부먼바다, 남해동부앞바다(거제시동부앞바다, 부산앞바다), 동해남부앞바다(울산앞바다)",풍랑,경보,변경,2020-09-03 09:00:00
2020-09-03 08:30:00,부산·울산·경상남도,"남해동부앞바다(거제시동부앞바다, 부산앞바다)",풍랑,주의보,변경,2020-09-03 08:30:00
2020-09-03 08:30:00,부산·울산·경상남도,"남해동부앞바다(거제시동부앞바다, 부산앞바다)",풍랑,주의보,변경,2020-09-03 10:00:00
2020-09-03 14:00:00,부산·울산·경상남도,"울산, 부산, 경상남도(거제, 통영)",강풍,주의보,해제,2020-09-03 16:00:00
2020-09-06 14:00:00,부산·울산·경상남도,"울산, 부산, 경상남도(남해, 거제, 통영)",강풍,주의보,발표,2020-09-06 15:00:00
2020-09-06 23:00:00,부산·울산·경상남도,"울산, 부산, 경상남도(남해, 거제, 통영), 남해동부앞바다, 동해남부앞바다(울산앞바다)",태풍,주의보,변경,2020-09-07 00:00:00
2020-09-07 03:00:00,부산·울산·경상남도,"울산, 부산, 경상남도, 남해동부앞바다, 동해남부앞바다(울산앞바다)",태풍,경보,변경,2020-09-07 03:00:00
2020-09-07 14:00:00,부산·울산·경상남도,"울산, 부산, 경상남도(거제, 통영)",강풍,주의보,변경,2020-09-07 16:00:00
2020-09-07 16:10:00,부산·울산·경상남도,"부산앞바다( 서부평수구역 ), 경남서부남해앞바다( 동부평수구역 , 서부평수구역 , 남부평수구역 , 남해군연안바다 ), 경남중부남해앞바다( 평수구역 , 연안바다 ), 거제시동부앞바다( 연안바다 )",풍랑,주의보,해제,2020-09-07 18:00:00
2020-09-07 18:00:00,부산·울산·경상남도,"울산, 부산, 경상남도(거제, 통영)",강풍,주의보,해제,2020-09-07 19:00:00
2020-09-23 03:00:00,부산·울산·경상남도,"남해동부앞바다(거제시동부앞바다, 부산앞바다), 동해남부앞바다(울산앞바다)",풍랑,주의보,발표,2020-09-23 06:00:00
2020-09-24 08:00:00,부산·울산·경상남도,부산앞바다( 서부평수구역 ),풍랑,주의보,해제,2020-09-24 08:30:00
2020-09-24 09:40:00,부산·울산·경상남도,"울산앞바다( 평수구역 , 연안바다 ), 부산앞바다( 동부평수구역 , 연안바다 ), 거제시동부앞바다( 연안바다 )",풍랑,주의보,해제,2020-09-24 10:00:00
2020-09-24 11:00:00,부산·울산·경상남도,"남해동부앞바다(거제시동부앞바다, 부산앞바다), 동해남부앞바다(울산앞바다)",풍랑,주의보,해제,2020-09-24 12:00:00
2020-09-25 16:00:00,부산·울산·경상남도,남해동부앞바다(부산앞바다),풍랑,주의보,발표,2020-09-25 18:00:00
2020-09-25 16:00:00,부산·울산·경상남도,남해동부앞바다(부산앞바다),풍랑,주의보,발표,2020-09-25 19:00:00
2020-09-26 11:00:00,부산·울산·경상남도,"부산앞바다( 동부평수구역 , 연안바다 )",풍랑,주의보,해제,2020-09-26 11:00:00
2020-09-28 04:00:00,부산·울산·경상남도,"남해동부먼바다, 남해동부앞바다(부산앞바다)",풍랑,주의보,해제,2020-09-28 06:00:00
2020-10-07 23:00:00,부산·울산·경상남도,"남해동부앞바다(거제시동부앞바다, 부산앞바다), 동해남부앞바다(울산앞바다)",풍랑,주의보,발표,2020-10-08 02:00:00
2020-10-07 23:00:00,부산·울산·경상남도,"남해동부앞바다(거제시동부앞바다, 부산앞바다), 동해남부앞바다(울산앞바다)",풍랑,주의보,발표,2020-10-08 02:00:00
2020-10-08 04:00:00,부산·울산·경상남도,"울산, 부산, 경상남도(거제, 통영)",강풍,주의보,발표,2020-10-08 07:00:00
2020-10-08 21:00:00,부산·울산·경상남도,"남해동부앞바다(거제시동부앞바다, 부산앞바다), 동해남부앞바다(울산앞바다)",풍랑,경보,변경,2020-10-08 21:00:00
2020-10-09 16:00:00,부산·울산·경상남도,"부산, 경상남도(거제, 통영)",강풍,주의보,해제,2020-10-09 18:00:00
2020-10-09 22:00:00,부산·울산·경상남도,"남해동부앞바다(거제시동부앞바다, 부산앞바다), 동해남부앞바다(울산앞바다)",풍랑,주의보,변경,2020-10-10 02:00:00
2020-10-10 09:00:00,부산·울산·경상남도,"부산앞바다( 서부평수구역 ), 거제시동부앞바다( 연안바다 )",풍랑,주의보,해제,2020-10-10 09:00:00
2020-10-10 23:00:00,부산·울산·경상남도,"남해동부앞바다(거제시동부앞바다, 부산앞바다)",풍랑,주의보,해제,2020-10-11 00:00:00
2020-11-08 10:00:00,부산·울산·경상남도,"부산, 경상남도(창원)",건조,주의보,발표,2020-11-08 10:00:00
2020-11-12 16:00:00,부산·울산·경상남도,"울산, 부산, 경상남도(양산, 밀양, 김해, 창원)",건조,주의보,해제,2020-11-12 16:00:00
2020-11-19 05:00:00,부산·울산·경상남도,"울산, 부산, 경상남도(거제)",강풍,주의보,발표,2020-11-19 07:00:00
2020-11-19 05:00:00,부산·울산·경상남도,"남해동부앞바다(거제시동부앞바다, 부산앞바다), 동해남부앞바다(울산앞바다)",풍랑,주의보,발표,2020-11-19 07:00:00
2020-11-19 05:00:00,부산·울산·경상남도,"남해동부앞바다(거제시동부앞바다, 부산앞바다), 동해남부앞바다(울산앞바다)",풍랑,주의보,발표,2020-11-19 07:00:00
2020-11-19 18:00:00,부산·울산·경상남도,"울산, 부산, 경상남도(거제, 통영)",강풍,주의보,해제,2020-11-19 20:00:00
2020-11-20 02:00:00,부산·울산·경상남도,"남해동부앞바다(거제시동부앞바다, 부산앞바다), 동해남부앞바다(울산앞바다)",풍랑,주의보,해제,2020-11-20 03:00:00
2020-11-21 04:00:00,부산·울산·경상남도,"남해동부먼바다, 남해동부앞바다(부산앞바다)",풍랑,주의보,발표,2020-11-21 05:00:00
2020-11-21 04:00:00,부산·울산·경상남도,"남해동부먼바다, 남해동부앞바다(부산앞바다)",풍랑,주의보,발표,2020-11-21 07:00:00
2020-11-21 16:00:00,부산·울산·경상남도,남해동부앞바다(부산앞바다),풍랑,주의보,해제,2020-11-21 18:00:00
2020-11-27 10:00:00,부산·울산·경상남도,"울산, 부산, 경상남도(창원)",건조,주의보,발표,2020-11-27 10:00:00
2020-12-17 11:00:00,부산·울산·경상남도,부산,건조,경보,변경,2020-12-17 11:00:00
2020-12-21 16:00:00,부산·울산·경상남도,"울산, 부산",건조,주의보,변경,2020-12-21 16:00:00
2020-12-24 16:00:00,부산·울산·경상남도,부산,건조,주의보,해제,2020-12-24 16:00:00
2020-12-29 23:00:00,부산·울산·경상남도,"울산, 부산, 경상남도(남해, 고성, 거제, 사천, 통영, 산청, 하동, 창원)",강풍,주의보,발표,2020-12-30 03:00:00
2020-12-31 09:00:00,부산·울산·경상남도,"울산, 부산, 경상남도(남해, 고성, 거제, 사천, 통영, 산청, 하동, 창원)",강풍,주의보,해제,2020-12-31 09:00:00
2020-12-31 09:00:00,부산·울산·경상남도,"울산앞바다( 평수구역 , 연안바다 ), 부산앞바다( 동부평수구역 , 서부평수구역 , 연안바다 ), 경남서부남해앞바다( 동부평수구역 , 남부평수구역 ), 경남중부남해앞바다( 연안바다 ), 거제시동부앞바다( 연안바다 )",풍랑,주의보,해제,2020-12-31 09:00:00
2021-01-02 11:00:00,부산·울산·경상남도,"울산, 부산",건조,주의보,발표,2021-01-02 11:00:00
2021-01-07 03:00:00,부산·울산·경상남도,"울산, 부산, 경상남도(남해, 고성, 거제, 사천, 통영, 산청, 하동, 창원)",강풍,주의보,발표,2021-01-07 05:00:00
2021-01-07 11:00:00,부산·울산·경상남도,"울산, 부산, 경상남도(진주, 양산, 고성, 사천, 하동, 밀양, 김해, 창원)",한파,주의보,발표,2021-01-07 21:00:00
2021-01-07 18:00:00,부산·울산·경상남도,"울산, 부산, 경상남도(남해, 고성, 거제, 사천, 통영, 산청, 하동, 창원)",강풍,주의보,해제,2021-01-07 18:00:00
2021-01-09 11:00:00,부산·울산·경상남도,"울산, 부산, 경상남도(양산, 김해, 창원)",한파,주의보,해제,2021-01-09 11:00:00
2021-01-13 10:00:00,부산·울산·경상남도,부산,건조,주의보,해제,2021-01-13 10:00:00
2021-01-17 11:00:00,부산·울산·경상남도,"부산, 경상남도(김해, 창원)",건조,주의보,발표,2021-01-17 11:00:00
2021-01-18 11:00:00,부산·울산·경상남도,"울산, 부산, 경상남도(거제, 통영, 산청)",강풍,주의보,발표,2021-01-18 12:00:00
2021-01-18 22:00:00,부산·울산·경상남도,"울산, 부산, 경상남도(거제, 통영, 산청)",강풍,주의보,해제,2021-01-18 22:00:00
2021-01-21 16:00:00,부산·울산·경상남도,"울산, 부산",건조,주의보,해제,2021-01-21 16:00:00
2021-01-23 09:00:00,부산·울산·경상남도,"남해동부먼바다, 남해동부앞바다(거제시동부앞바다, 부산앞바다), 동해남부앞바다(울산앞바다)",풍랑,주의보,발표,2021-01-23 11:00:00
2021-01-23 21:30:00,부산·울산·경상남도,남해동부앞바다(부산앞바다),풍랑,경보,변경,2021-01-23 21:30:00
2021-01-24 04:00:00,부산·울산·경상남도,남해동부앞바다(부산앞바다),풍랑,주의보,변경,2021-01-24 06:00:00
2021-01-25 03:00:00,부산·울산·경상남도,"남해동부앞바다(거제시동부앞바다, 부산앞바다), 동해남부앞바다(울산앞바다)",풍랑,주의보,해제,2021-01-25 05:00:00
2021-01-25 03:00:00,부산·울산·경상남도,"남해동부앞바다(거제시동부앞바다, 부산앞바다), 동해남부앞바다(울산앞바다)",풍랑,주의보,해제,2021-01-25 06:00:00
2021-01-28 10:00:00,부산·울산·경상남도,"울산, 부산, 경상남도",강풍,주의보,발표,2021-01-28 13:00:00
2021-01-28 10:00:00,부산·울산·경상남도,"울산, 부산",한파,주의보,발표,2021-01-28 21:00:00
2021-01-29 11:00:00,부산·울산·경상남도,"울산, 부산",한파,주의보,해제,2021-01-29 11:00:00
2021-01-29 14:00:00,부산·울산·경상남도,"울산, 부산, 경상남도",강풍,주의보,해제,2021-01-29 14:00:00
2021-02-01 06:30:00,부산·울산·경상남도,"남해동부앞바다(거제시동부앞바다, 부산앞바다), 동해남부앞바다(울산앞바다)",풍랑,주의보,발표,2021-02-01 06:30:00
2021-02-01 12:00:00,부산·울산·경상남도,"남해동부앞바다(거제시동부앞바다, 부산앞바다), 동해남부앞바다(울산앞바다)",풍랑,주의보,해제,2021-02-01 14:00:00
2021-02-04 11:00:00,부산·울산·경상남도,"부산, 경상남도(창원)",건조,주의보,발표,2021-02-04 11:00:00
2021-02-14 09:00:00,부산·울산·경상남도,"울산, 부산, 경상남도(김해, 창원)",건조,주의보,해제,2021-02-14 09:00:00
2021-02-15 10:00:00,부산·울산·경상남도,"울산, 부산, 경상남도(거제, 통영, 산청)",강풍,주의보,발표,2021-02-15 13:00:00
2021-02-15 10:00:00,부산·울산·경상남도,"남해동부먼바다, 남해동부앞바다(거제시동부앞바다, 부산앞바다), 동해남부앞바다(울산앞바다)",풍랑,주의보,발표,2021-02-15 13:00:00
2021-02-15 10:00:00,부산·울산·경상남도,"남해동부먼바다, 남해동부앞바다(거제시동부앞바다, 부산앞바다), 동해남부앞바다(울산앞바다)",풍랑,주의보,발표,2021-02-15 14:00:00
2021-02-15 10:00:00,부산·울산·경상남도,"울산, 부산, 경상남도",한파,주의보,발표,2021-02-15 21:00:00
2021-02-15 23:00:00,부산·울산·경상남도,"울산, 부산, 경상남도(거제, 통영, 산청)",강풍,주의보,해제,2021-02-16 01:00:00
2021-02-16 10:00:00,부산·울산·경상남도,"울산, 부산, 경상남도",한파,주의보,해제,2021-02-16 10:00:00
2021-02-16 16:00:00,부산·울산·경상남도,"울산, 부산, 경상남도(거제, 통영, 산청)",강풍,주의보,발표,2021-02-16 19:00:00
2021-02-17 08:30:00,부산·울산·경상남도,"울산앞바다( 평수구역 , 연안바다 ), 부산앞바다( 동부평수구역 , 서부평수구역 , 연안바다 ), 경남서부남해앞바다( 동부평수구역 , 서부평수구역 , 남부평수구역 , 남해군연안바다 ), 경남중부남해앞바다( 평수구역 , 연안바다 ), 거제시동부앞바다( 연안바다 )",풍랑,주의보,발표,2021-02-17 11:00:00
2021-02-17 23:00:00,부산·울산·경상남도,"울산, 부산, 경상남도(거제, 통영, 산청)",강풍,주의보,해제,2021-02-18 01:00:00
2021-02-18 10:00:00,부산·울산·경상남도,"부산, 경상남도(밀양, 김해, 창원)",건조,주의보,발표,2021-02-18 10:00:00
2021-02-19 21:00:00,부산·울산·경상남도,"울산, 부산, 경상남도(거제)",강풍,주의보,발표,2021-02-20 00:00:00
2021-02-19 21:00:00,부산·울산·경상남도,"남해동부앞바다(거제시동부앞바다, 부산앞바다), 동해남부앞바다(울산앞바다)",풍랑,주의보,발표,2021-02-20 00:00:00
2021-02-19 21:00:00,부산·울산·경상남도,"남해동부앞바다(거제시동부앞바다, 부산앞바다), 동해남부앞바다(울산앞바다)",풍랑,주의보,발표,2021-02-20 00:00:00
2021-02-20 08:30:00,부산·울산·경상남도,"울산, 부산, 경상남도(거제)",강풍,주의보,해제,2021-02-20 08:30:00
2021-02-20 11:00:00,부산·울산·경상남도,"남해동부앞바다(부산앞바다), 동해남부앞바다(울산앞바다)",풍랑,주의보,해제,2021-02-20 11:00:00
2021-02-21 14:30:00,부산·울산·경상남도,남해동부앞바다(부산앞바다),풍랑,주의보,발표,2021-02-21 14:30:00
2021-02-21 16:00:00,부산·울산·경상남도,"부산, 경상남도(밀양, 김해, 창원)",건조,주의보,해제,2021-02-21 20:00:00
2021-02-22 04:00:00,부산·울산·경상남도,"남해동부앞바다(부산앞바다), 동해남부앞바다(울산앞바다)",풍랑,주의보,해제,2021-02-22 04:00:00
2021-02-22 04:00:00,부산·울산·경상남도,"남해동부앞바다(부산앞바다), 동해남부앞바다(울산앞바다)",풍랑,주의보,해제,2021-02-22 05:00:00
2021-02-23 10:00:00,부산·울산·경상남도,"부산, 경상남도(진주, 양산, 창녕, 함안, 의령, 밀양, 김해, 창원)",건조,주의보,발표,2021-02-23 10:00:00
2021-02-25 10:00:00,부산·울산·경상남도,"울산, 부산, 경상남도(진주, 양산, 합천, 거창, 함양, 산청, 창녕, 함안, 의령, 밀양, 김해, 창원)",건조,주의보,해제,2021-02-25 10:00:00
2021-02-26 07:00:00,부산·울산·경상남도,"울산, 부산, 경상남도(남해, 고성, 거제, 사천, 통영, 하동, 창원)",강풍,주의보,발표,2021-02-26 09:00:00
2021-02-27 05:00:00,부산·울산·경상남도,"남해동부앞바다(거제시동부앞바다, 부산앞바다)",풍랑,경보,변경,2021-02-27 05:00:00
2021-02-27 16:00:00,부산·울산·경상남도,"남해동부앞바다(거제시동부앞바다, 부산앞바다)",풍랑,주의보,변경,2021-02-27 16:00:00
2021-02-27 18:00:00,부산·울산·경상남도,"울산, 부산, 경상남도(남해, 거제, 통영)",강풍,주의보,해제,2021-02-27 20:00:00
2021-03-01 17:00:00,부산·울산·경상남도,"울산, 부산",강풍,주의보,발표,2021-03-01 19:00:00
2021-03-01 18:30:00,부산·울산·경상남도,"남해동부앞바다(거제시동부앞바다, 부산앞바다)",풍랑,주의보,발표,2021-03-01 20:00:00
2021-03-01 18:30:00,부산·울산·경상남도,"남해동부앞바다(거제시동부앞바다, 부산앞바다)",풍랑,주의보,발표,2021-03-01 20:00:00
2021-03-01 18:30:00,부산·울산·경상남도,"남해동부앞바다(거제시동부앞바다, 부산앞바다)",풍랑,주의보,발표,2021-03-01 20:00:00
2021-03-02 09:00:00,부산·울산·경상남도,"울산, 부산, 경상남도(거제, 통영)",강풍,주의보,해제,2021-03-02 09:00:00
2021-03-02 09:10:00,부산·울산·경상남도,"부산앞바다( 동부평수구역 , 서부평수구역 , 연안바다 ), 거제시동부앞바다( 연안바다 )",풍랑,주의보,해제,2021-03-02 10:00:00
2021-03-02 23:00:00,부산·울산·경상남도,"남해동부앞바다(거제시동부앞바다, 부산앞바다)",풍랑,주의보,해제,2021-03-03 02:00:00
2021-03-06 09:00:00,부산·울산·경상남도,"부산, 경상남도(거제)",강풍,주의보,발표,2021-03-06 11:00:00
2021-03-06 09:00:00,부산·울산·경상남도,"남해동부앞바다(거제시동부앞바다, 부산앞바다)",풍랑,주의보,발표,2021-03-06 11:00:00
2021-03-06 23:00:00,부산·울산·경상남도,"울산, 부산, 경상남도(거제)",강풍,주의보,해제,2021-03-06 23:00:00
2021-03-07 11:00:00,부산·울산·경상남도,"남해동부앞바다(거제시동부앞바다, 부산앞바다), 동해남부앞바다(울산앞바다)",풍랑,주의보,해제,2021-03-07 13:00:00
2021-03-12 15:00:00,부산·울산·경상남도,"남해동부앞바다(거제시동부앞바다, 부산앞바다), 동해남부앞바다(울산앞바다)",풍랑,주의보,발표,2021-03-12 16:00:00
2021-03-12 15:00:00,부산·울산·경상남도,"울산, 부산, 경상남도(거제)",강풍,주의보,발표,2021-03-12 18:00:00
2021-03-12 15:00:00,부산·울산·경상남도,"남해동부앞바다(거제시동부앞바다, 부산앞바다), 동해남부앞바다(울산앞바다)",풍랑,주의보,발표,2021-03-12 18:00:00
2021-03-13 06:00:00,부산·울산·경상남도,"울산, 부산, 경상남도(거제)",강풍,주의보,해제,2021-03-13 07:00:00
2021-03-13 06:10:00,부산·울산·경상남도,"울산앞바다( 평수구역 , 연안바다 ), 부산앞바다( 동부평수구역 , 서부평수구역 , 연안바다 ), 거제시동부앞바다( 연안바다 )",풍랑,주의보,해제,2021-03-13 06:10:00
2021-03-13 10:00:00,부산·울산·경상남도,"남해동부앞바다(거제시동부앞바다, 부산앞바다)",풍랑,주의보,해제,2021-03-13 11:00:00
2021-03-13 10:00:00,부산·울산·경상남도,"남해동부앞바다(거제시동부앞바다, 부산앞바다)",풍랑,주의보,해제,2021-03-13 12:00:00
2021-03-13 10:00:00,부산·울산·경상남도,"남해동부앞바다(거제시동부앞바다, 부산앞바다)",풍랑,주의보,해제,2021-03-13 13:00:00
2021-03-19 10:30:00,부산·울산·경상남도,"남해동부앞바다(거제시동부앞바다, 부산앞바다), 동해남부앞바다(울산앞바다)",풍랑,주의보,발표,2021-03-19 12:00:00
2021-03-19 22:00:00,부산·울산·경상남도,"남해동부앞바다(거제시동부앞바다, 부산앞바다), 동해남부앞바다(울산앞바다)",풍랑,주의보,해제,2021-03-20 00:00:00
2021-03-27 16:00:00,부산·울산·경상남도,"부산, 경상남도(양산, 남해, 고성, 거제, 사천, 통영, 김해, 창원)",강풍,주의보,발표,2021-03-27 18:00:00
2021-03-28 04:10:00,부산·울산·경상남도,"부산앞바다( 서부평수구역 ), 경남서부남해앞바다( 동부평수구역 , 서부평수구역 , 남부평수구역 , 남해군연안바다 ), 거제시동부앞바다( 연안바다 )",풍랑,주의보,해제,2021-03-28 05:00:00
2021-03-28 06:00:00,부산·울산·경상남도,"울산, 부산",강풍,주의보,해제,2021-03-28 06:00:00
2021-03-28 09:00:00,부산·울산·경상남도,"남해동부앞바다(거제시동부앞바다, 부산앞바다)",풍랑,주의보,해제,2021-03-28 10:00:00
2021-03-28 09:00:00,부산·울산·경상남도,"남해동부앞바다(거제시동부앞바다, 부산앞바다)",풍랑,주의보,해제,2021-03-28 11:00:00
2021-03-29 10:00:00,부산·울산·경상남도,"울산, 부산, 경상남도(고성, 거제, 통영, 함안, 밀양, 김해, 창원, 양산)",황사,경보,발표,2021-03-29 10:00:00
2021-03-30 09:30:00,부산·울산·경상남도,"울산, 부산, 경상남도",황사,경보,해제,2021-03-30 09:30:00
2021-04-01 09:00:00,부산·울산·경상남도,"남해동부앞바다(거제시동부앞바다, 부산앞바다), 동해남부앞바다(울산앞바다)",풍랑,주의보,발표,2021-04-01 10:00:00
2021-04-01 13:10:00,부산·울산·경상남도,부산앞바다( 서부평수구역 ),풍랑,주의보,발표,2021-04-01 14:00:00
2021-04-02 10:30:00,부산·울산·경상남도,부산앞바다( 서부평수구역 ),풍랑,주의보,해제,2021-04-02 12:00:00
2021-04-02 12:00:00,부산·울산·경상남도,"남해동부앞바다(거제시동부앞바다, 부산앞바다), 동해남부남쪽먼바다, 동해남부앞바다(울산앞바다)",풍랑,주의보,해제,2021-04-02 14:00:00
2021-04-04 07:00:00,부산·울산·경상남도,"부산, 경상남도(거제)",강풍,주의보,발표,2021-04-04 09:00:00
2021-04-04 07:00:00,부산·울산·경상남도,"남해동부앞바다(거제시동부앞바다, 부산앞바다)",풍랑,주의보,발표,2021-04-04 09:00:00
2021-04-04 07:00:00,부산·울산·경상남도,"남해동부앞바다(거제시동부앞바다, 부산앞바다)",풍랑,주의보,발표,2021-04-04 09:00:00
2021-04-04 23:00:00,부산·울산·경상남도,"부산, 경상남도(거제)",강풍,주의보,해제,2021-04-04 23:00:00
2021-04-05 07:10:00,부산·울산·경상남도,"부산앞바다( 동부평수구역 , 서부평수구역 , 연안바다 ), 거제시동부앞바다( 연안바다 )",풍랑,주의보,해제,2021-04-05 08:00:00
2021-04-05 22:00:00,부산·울산·경상남도,"남해동부앞바다(거제시동부앞바다, 부산앞바다), 동해남부앞바다(울산앞바다)",풍랑,주의보,해제,2021-04-06 00:00:00
2021-04-12 21:00:00,부산·울산·경상남도,"울산, 부산, 경상남도(거제, 통영)",강풍,주의보,발표,2021-04-12 23:00:00
2021-04-13 07:00:00,부산·울산·경상남도,"울산, 부산, 경상남도(거제, 통영)",강풍,주의보,해제,2021-04-13 07:00:00
2021-04-13 07:10:00,부산·울산·경상남도,"부산앞바다( 동부평수구역 , 서부평수구역 , 연안바다 ), 경남서부남해앞바다( 동부평수구역 , 서부평수구역 , 남부평수구역 , 남해군연안바다 ), 경남중부남해앞바다( 평수구역 , 연안바다 ), 거제시동부앞바다( 연안바다 )",풍랑,주의보,해제,2021-04-13 08:00:00
2021-04-20 10:00:00,부산·울산·경상남도,"부산, 경상남도(남해, 사천)",건조,주의보,발표,2021-04-20 10:00:00
2021-04-23 09:00:00,부산·울산·경상남도,"남해동부앞바다(거제시동부앞바다, 부산앞바다), 동해남부앞바다(울산앞바다)",풍랑,주의보,발표,2021-04-23 11:00:00
2021-04-23 09:00:00,부산·울산·경상남도,"남해동부앞바다(거제시동부앞바다, 부산앞바다), 동해남부앞바다(울산앞바다)",풍랑,주의보,발표,2021-04-23 12:00:00
2021-04-24 06:10:00,부산·울산·경상남도,부산앞바다( 서부평수구역 ),풍랑,주의보,해제,2021-04-24 07:00:00
2021-04-24 08:00:00,부산·울산·경상남도,"남해동부앞바다(거제시동부앞바다, 부산앞바다), 동해남부앞바다(울산앞바다)",풍랑,주의보,해제,2021-04-24 08:00:00
2021-04-25 12:00:00,부산·울산·경상남도,"남해동부앞바다(거제시동부앞바다, 부산앞바다)",풍랑,주의보,발표,2021-04-25 12:00:00
2021-04-25 12:00:00,부산·울산·경상남도,"남해동부앞바다(거제시동부앞바다, 부산앞바다)",풍랑,주의보,발표,2021-04-25 14:00:00
2021-04-25 22:00:00,부산·울산·경상남도,"남해동부앞바다(거제시동부앞바다, 부산앞바다), 동해남부앞바다(울산앞바다)",풍랑,주의보,해제,2021-04-26 00:00:00
2021-04-26 16:00:00,부산·울산·경상남도,"울산, 부산, 경상남도(남해, 사천, 산청, 의령, 창원)",건조,주의보,해제,2021-04-26 16:00:00
2021-04-30 03:40:00,부산·울산·경상남도,부산,강풍,주의보,발표,2021-04-30 03:40:00
2021-04-30 04:00:00,부산·울산·경상남도,"남해동부앞바다(부산앞바다), 동해남부앞바다(울산앞바다)",풍랑,주의보,발표,2021-04-30 05:00:00
2021-04-30 04:00:00,부산·울산·경상남도,"남해동부앞바다(부산앞바다), 동해남부앞바다(울산앞바다)",풍랑,주의보,발표,2021-04-30 05:00:00
2021-04-30 07:00:00,부산·울산·경상남도,부산,강풍,주의보,해제,2021-04-30 08:00:00
2021-04-30 09:00:00,부산·울산·경상남도,"남해동부앞바다(부산앞바다), 동해남부앞바다(울산앞바다)",풍랑,주의보,해제,2021-04-30 10:00:00
2021-05-04 16:00:00,부산·울산·경상남도,"울산, 부산, 경상남도(남해, 고성, 거제, 통영)",강풍,주의보,발표,2021-05-04 18:00:00
2021-05-04 23:40:00,부산·울산·경상남도,"부산, 경상남도(김해)",호우,주의보,발표,2021-05-04 23:40:00
2021-05-05 01:30:00,부산·울산·경상남도,"부산, 경상남도(김해)",호우,주의보,해제,2021-05-05 01:30:00
2021-05-05 06:00:00,부산·울산·경상남도,"울산, 부산, 경상남도(남해, 고성, 거제, 통영)",강풍,주의보,해제,2021-05-05 06:00:00
2021-05-05 13:15:00,부산·울산·경상남도,"부산, 경상남도(산청, 김해)",강풍,주의보,발표,2021-05-05 13:15:00
2021-05-05 17:00:00,부산·울산·경상남도,"부산, 경상남도(산청, 김해)",강풍,주의보,해제,2021-05-05 17:00:00
2021-05-08 10:00:00,부산·울산·경상남도,"울산, 부산, 경상남도(창원)",건조,주의보,발표,2021-05-08 10:00:00
2021-05-11 11:00:00,부산·울산·경상남도,"울산, 부산, 경상남도(창원)",건조,주의보,해제,2021-05-11 11:00:00
2021-05-28 11:00:00,부산·울산·경상남도,"남해동부앞바다(거제시동부앞바다, 부산앞바다), 동해남부앞바다(울산앞바다)",풍랑,주의보,발표,2021-05-28 13:00:00
2021-05-28 11:00:00,부산·울산·경상남도,"울산, 부산, 경상남도(거제)",강풍,주의보,발표,2021-05-28 14:00:00
2021-05-28 11:00:00,부산·울산·경상남도,"남해동부앞바다(거제시동부앞바다, 부산앞바다), 동해남부앞바다(울산앞바다)",풍랑,주의보,발표,2021-05-28 14:00:00
2021-05-28 11:00:00,부산·울산·경상남도,"남해동부앞바다(거제시동부앞바다, 부산앞바다), 동해남부앞바다(울산앞바다)",풍랑,주의보,발표,2021-05-28 14:00:00
2021-05-28 18:00:00,부산·울산·경상남도,"울산, 부산, 경상남도(거제)",강풍,주의보,해제,2021-05-28 19:00:00
2021-05-28 18:00:00,부산·울산·경상남도,"남해동부앞바다(거제시동부앞바다, 부산앞바다), 동해남부앞바다(울산앞바다)",풍랑,주의보,해제,2021-05-28 20:00:00
2021-07-03 12:00:00,부산·울산·경상남도,"부산, 경상남도(고성, 사천, 하동, 창원)",호우,주의보,발표,2021-07-03 13:00:00
2021-07-04 00:00:00,부산·울산·경상남도,"울산, 부산, 경상남도(거제, 통영)",강풍,주의보,발표,2021-07-04 02:00:00
2021-07-04 00:00:00,부산·울산·경상남도,"남해동부앞바다(거제시동부앞바다, 경남서부남해앞바다, 부산앞바다), 동해남부앞바다(울산앞바다)",풍랑,주의보,발표,2021-07-04 02:00:00
2021-07-04 00:00:00,부산·울산·경상남도,"남해동부앞바다(거제시동부앞바다, 경남서부남해앞바다, 부산앞바다), 동해남부앞바다(울산앞바다)",풍랑,주의보,발표,2021-07-04 02:00:00
2021-07-04 09:00:00,부산·울산·경상남도,"울산, 부산, 경상남도(거제, 통영)",강풍,주의보,해제,2021-07-04 09:00:00
2021-07-04 09:00:00,부산·울산·경상남도,"부산, 경상남도(남해, 고성, 사천, 창원)",호우,주의보,해제,2021-07-04 09:00:00
2021-07-04 13:00:00,부산·울산·경상남도,"남해동부먼바다, 남해동부앞바다(거제시동부앞바다, 경남서부남해앞바다, 부산앞바다), 동해남부앞바다(울산앞바다)",풍랑,주의보,해제,2021-07-04 15:00:00
2021-07-05 23:30:00,부산·울산·경상남도,"부산, 경상남도(남해, 고성, 거제, 사천, 통영, 김해, 창원)",호우,주의보,발표,2021-07-05 23:30:00
2021-07-06 01:15:00,부산·울산·경상남도,"울산, 부산, 경상남도(거제)",강풍,주의보,발표,2021-07-06 01:15:00
2021-07-06 02:00:00,부산·울산·경상남도,"남해동부앞바다(거제시동부앞바다, 부산앞바다), 동해남부앞바다(울산앞바다)",풍랑,주의보,발표,2021-07-06 02:00:00
2021-07-06 02:00:00,부산·울산·경상남도,"남해동부앞바다(거제시동부앞바다, 부산앞바다), 동해남부앞바다(울산앞바다)",풍랑,주의보,발표,2021-07-06 04:00:00
2021-07-06 02:00:00,부산·울산·경상남도,"남해동부앞바다(거제시동부앞바다, 부산앞바다), 동해남부앞바다(울산앞바다)",풍랑,주의보,발표,2021-07-06 05:00:00
2021-07-06 12:00:00,부산·울산·경상남도,"울산, 부산, 경상남도(거제)",강풍,주의보,해제,2021-07-06 12:00:00
2021-07-06 14:00:00,부산·울산·경상남도,"남해동부먼바다, 남해동부앞바다(거제시동부앞바다, 부산앞바다), 동해남부앞바다(울산앞바다)",풍랑,주의보,해제,2021-07-06 15:00:00
2021-07-06 20:50:00,부산·울산·경상남도,"울산, 부산, 경상남도(거제, 통영, 합천, 창녕, 밀양)",호우,주의보,해제,2021-07-06 20:50:00
2021-07-07 12:30:00,부산·울산·경상남도,"부산, 경상남도(진주, 양산, 남해, 고성, 거제, 사천, 통영, 함안, 김해, 창원)",호우,주의보,발표,2021-07-07 12:30:00
2021-07-07 14:20:00,부산·울산·경상남도,"부산, 경상남도(고성, 사천, 김해)",호우,경보,변경,2021-07-07 14:20:00
2021-07-07 22:00:00,부산·울산·경상남도,"부산, 경상남도(김해, 창원)",호우,경보,해제,2021-07-07 22:00:00
2021-07-09 10:00:00,부산·울산·경상남도,"울산, 부산, 경상남도(진주, 양산, 남해, 사천, 합천, 거창, 함양, 하동, 함안, 의령, 밀양, 김해, 창원)",폭염,주의보,발표,2021-07-09 10:00:00
2021-07-13 11:00:00,부산·울산·경상남도,"부산, 경상남도(밀양)",폭염,경보,변경,2021-07-13 11:00:00
2021-07-14 17:00:00,부산·울산·경상남도,"부산, 경상남도(양산, 산청, 밀양, 김해)",폭염,주의보,변경,2021-07-14 17:00:00
2021-07-16 17:00:00,부산·울산·경상남도,"울산, 부산, 경상남도(진주, 남해, 고성, 거제, 거창, 함양, 산청, 하동, 함안, 의령, 밀양)",폭염,주의보,해제,2021-07-16 17:00:00
2021-07-19 10:00:00,부산·울산·경상남도,"울산, 부산, 경상남도(진주, 남해, 고성, 거제, 하동, 함안, 의령, 밀양)",폭염,주의보,발표,2021-07-19 10:00:00
2021-07-31 10:00:00,부산·울산·경상남도,"부산, 경상남도(진주, 함양, 산청)",폭염,경보,변경,2021-07-31 10:00:00
2021-08-07 16:00:00,부산·울산·경상남도,"울산, 부산, 경상남도(진주, 남해, 고성, 거제, 통영, 합천, 함양, 산청, 창녕, 함안, 의령)",폭염,주의보,변경,2021-08-07 16:00:00
2021-08-07 23:40:00,부산·울산·경상남도,"부산, 경상남도(김해)",호우,주의보,발표,2021-08-07 23:40:00
2021-08-08 03:00:00,부산·울산·경상남도,부산,호우,경보,해제,2021-08-08 03:00:00
2021-08-08 13:00:00,부산·울산·경상남도,"울산, 부산",폭염,주의보,해제,2021-08-08 13:00:00
2021-08-08 18:00:00,부산·울산·경상남도,부산,호우,주의보,발표,2021-08-08 19:00:00
2021-08-08 19:30:00,부산·울산·경상남도,부산,폭풍해일,주의보,발표,2021-08-08 19:30:00
2021-08-08 22:30:00,부산·울산·경상남도,"부산, 경상남도(거제, 창원)",폭풍해일,주의보,해제,2021-08-08 22:30:00
2021-08-08 23:00:00,부산·울산·경상남도,"남해동부앞바다(거제시동부앞바다, 부산앞바다), 동해남부앞바다(울산앞바다)",풍랑,주의보,발표,2021-08-09 01:00:00
2021-08-08 23:00:00,부산·울산·경상남도,"울산, 부산, 경상남도(거제)",강풍,주의보,발표,2021-08-09 02:00:00
2021-08-08 23:00:00,부산·울산·경상남도,"남해동부앞바다(거제시동부앞바다, 부산앞바다), 동해남부앞바다(울산앞바다)",풍랑,주의보,발표,2021-08-09 02:00:00
2021-08-09 03:10:00,부산·울산·경상남도,"울산, 부산",호우,주의보,해제,2021-08-09 03:10:00
2021-08-09 10:00:00,부산·울산·경상남도,"부산앞바다( 서부평수구역 ), 거제시동부앞바다( 연안바다 )",풍랑,주의보,해제,2021-08-09 10:00:00
2021-08-09 12:30:00,부산·울산·경상남도,"울산, 부산, 경상남도(거제)",강풍,주의보,해제,2021-08-09 12:30:00
2021-08-09 17:00:00,부산·울산·경상남도,"부산앞바다( 서부평수구역 ), 거제시동부앞바다( 연안바다 )",풍랑,주의보,발표,2021-08-09 18:00:00
2021-08-10 11:00:00,부산·울산·경상남도,"부산앞바다( 서부평수구역 ), 거제시동부앞바다( 연안바다 )",풍랑,주의보,해제,2021-08-10 11:00:00
2021-08-10 16:00:00,부산·울산·경상남도,부산앞바다( 동부평수구역 ),풍랑,주의보,해제,2021-08-10 16:00:00
2021-08-11 03:00:00,부산·울산·경상남도,"남해동부안쪽먼바다, 남해동부앞바다(거제시동부앞바다, 부산앞바다)",풍랑,주의보,해제,2021-08-11 05:00:00
2021-08-11 10:00:00,부산·울산·경상남도,부산,폭염,주의보,발표,2021-08-11 10:00:00
2021-08-11 21:50:00,부산·울산·경상남도,"부산, 경상남도(거제)",폭풍해일,주의보,발표,2021-08-11 21:50:00
2021-08-12 00:00:00,부산·울산·경상남도,"부산, 경상남도(거제)",폭풍해일,주의보,해제,2021-08-12 00:00:00
2021-08-12 17:00:00,부산·울산·경상남도,"부산, 경상남도(진주, 함양, 산청, 창녕, 함안, 밀양, 김해, 창원)",폭염,주의보,해제,2021-08-12 17:00:00
2021-08-14 09:00:00,부산·울산·경상남도,"남해동부앞바다(거제시동부앞바다, 부산앞바다), 동해남부앞바다(울산앞바다)",풍랑,주의보,발표,2021-08-14 11:00:00
2021-08-14 09:00:00,부산·울산·경상남도,"남해동부앞바다(거제시동부앞바다, 부산앞바다), 동해남부앞바다(울산앞바다)",풍랑,주의보,발표,2021-08-14 11:00:00
2021-08-14 22:00:00,부산·울산·경상남도,"남해동부바깥먼바다, 남해동부앞바다(거제시동부앞바다, 부산앞바다), 동해남부앞바다(울산앞바다)",풍랑,주의보,해제,2021-08-15 00:00:00
2021-08-17 10:25:00,부산·울산·경상남도,"부산, 경상남도(양산)",호우,주의보,발표,2021-08-17 10:25:00
2021-08-17 12:10:00,부산·울산·경상남도,"부산, 경상남도(양산)",호우,주의보,해제,2021-08-17 12:10:00
2021-08-17 13:00:00,부산·울산·경상남도,"남해동부안쪽먼바다, 남해동부앞바다(거제시동부앞바다, 부산앞바다), 동해남부남쪽바깥먼바다",풍랑,주의보,발표,2021-08-17 15:00:00
2021-08-17 13:00:00,부산·울산·경상남도,"남해동부안쪽먼바다, 남해동부앞바다(거제시동부앞바다, 부산앞바다), 동해남부남쪽바깥먼바다",풍랑,주의보,발표,2021-08-17 15:00:00
2021-08-18 04:00:00,부산·울산·경상남도,"남해동부안쪽먼바다, 남해동부앞바다(거제시동부앞바다, 부산앞바다)",풍랑,주의보,해제,2021-08-18 05:00:00
2021-08-18 04:00:00,부산·울산·경상남도,"남해동부안쪽먼바다, 남해동부앞바다(거제시동부앞바다, 부산앞바다)",풍랑,주의보,해제,2021-08-18 06:00:00
2021-08-21 05:00:00,부산·울산·경상남도,부산,호우,주의보,발표,2021-08-21 05:00:00
2021-08-21 05:00:00,부산·울산·경상남도,부산,호우,주의보,발표,2021-08-21 07:00:00
2021-08-21 10:00:00,부산·울산·경상남도,"울산, 부산",강풍,주의보,발표,2021-08-21 11:00:00
2021-08-21 10:00:00,부산·울산·경상남도,"남해동부앞바다(부산앞바다), 동해남부앞바다(울산앞바다)",풍랑,주의보,발표,2021-08-21 11:00:00
2021-08-21 11:30:00,부산·울산·경상남도,"부산, 경상남도(양산, 거제, 김해)",호우,경보,변경,2021-08-21 11:30:00
2021-08-21 17:10:00,부산·울산·경상남도,"울산, 부산, 경상남도(양산, 거제, 통영, 김해)",호우,주의보,변경,2021-08-21 17:10:00
2021-08-21 22:00:00,부산·울산·경상남도,"울산, 부산, 경상남도(양산, 거제, 통영, 김해)",호우,주의보,해제,2021-08-21 22:00:00
2021-08-22 02:00:00,부산·울산·경상남도,"울산, 부산, 경상남도(남해, 거제, 통영)",강풍,주의보,해제,2021-08-22 04:00:00
2021-08-22 02:00:00,부산·울산·경상남도,"남해동부앞바다(거제시동부앞바다, 경남서부남해앞바다, 부산앞바다), 동해남부앞바다(울산앞바다)",풍랑,주의보,해제,2021-08-22 04:00:00
2021-08-23 13:00:00,부산·울산·경상남도,"부산, 경상남도(고성, 거제, 사천, 통영, 하동, 창원)",호우,주의보,발표,2021-08-23 13:00:00
2021-08-23 13:00:00,부산·울산·경상남도,"부산, 경상남도(고성, 거제, 사천, 통영, 하동, 창원)",호우,주의보,발표,2021-08-23 14:00:00
2021-08-23 18:00:00,부산·울산·경상남도,"부산, 경상남도(남해, 고성, 거제, 사천, 통영, 하동, 창원)",태풍,주의보,변경,2021-08-23 20:00:00
2021-08-23 22:00:00,부산·울산·경상남도,"부산, 경상남도(남해, 고성, 거제, 사천, 통영, 하동, 김해, 창원)",태풍,경보,변경,2021-08-23 22:00:00
2021-08-23 22:00:00,부산·울산·경상남도,"부산, 경상남도(남해, 고성, 거제, 사천, 통영, 하동, 김해, 창원)",태풍,경보,변경,2021-08-23 23:00:00
2021-08-24 04:00:00,부산·울산·경상남도,"부산, 경상남도(진주, 양산, 남해, 고성, 거제, 사천, 통영, 합천, 창녕, 함안, 의령, 밀양, 김해, 창원)",태풍,경보,해제,2021-08-24 04:00:00
2021-08-24 12:30:00,부산·울산·경상남도,"울산, 부산",강풍,주의보,발표,2021-08-24 12:30:00
2021-08-24 18:00:00,부산·울산·경상남도,"울산, 부산",강풍,주의보,해제,2021-08-24 20:00:00
2021-08-25 15:00:00,부산·울산·경상남도,"부산, 경상남도(남해)",호우,주의보,발표,2021-08-25 15:00:00
2021-08-25 16:50:00,부산·울산·경상남도,"부산, 경상남도(거제)",호우,경보,변경,2021-08-25 16:50:00
2021-08-25 23:20:00,부산·울산·경상남도,부산,호우,경보,해제,2021-08-25 23:20:00
2021-09-01 20:30:00,부산·울산·경상남도,부산,호우,주의보,발표,2021-09-01 20:30:00
2021-09-01 23:00:00,부산·울산·경상남도,부산,호우,주의보,해제,2021-09-01 23:00:00
2021-09-15 12:30:00,부산·울산·경상남도,"남해동부앞바다(거제시동부앞바다, 부산앞바다), 동해남부앞바다(울산앞바다)",풍랑,주의보,발표,2021-09-15 13:30:00
2021-09-16 09:00:00,부산·울산·경상남도,"울산앞바다( 평수구역 , 연안바다 ), 부산앞바다( 동부평수구역 , 서부평수구역 , 연안바다 ), 경남서부남해앞바다( 동부평수구역 , 서부평수구역 , 남부평수구역 , 남해군연안바다 ), 거제시동부앞바다( 연안바다 )",풍랑,주의보,해제,2021-09-16 09:00:00
2021-09-16 17:10:00,부산·울산·경상남도,"울산앞바다( 평수구역 , 연안바다 ), 부산앞바다( 동부평수구역 , 서부평수구역 , 연안바다 ), 경남서부남해앞바다( 동부평수구역 , 서부평수구역 , 남부평수구역 , 남해군연안바다 )",풍랑,주의보,발표,2021-09-16 18:00:00
2021-09-17 04:00:00,부산·울산·경상남도,"부산, 경상남도(진주, 산청, 함안, 의령, 김해, 창원)",태풍,주의보,발표,2021-09-17 06:00:00
2021-09-17 04:00:00,부산·울산·경상남도,남해동부앞바다(부산앞바다),태풍,주의보,변경,2021-09-17 06:00:00
2021-09-17 14:30:00,부산·울산·경상남도,남해동부앞바다(부산앞바다),태풍,경보,변경,2021-09-17 14:30:00
2021-09-17 16:00:00,부산·울산·경상남도,"울산, 부산, 경상남도(고성, 거제, 통영, 김해, 창원)",강풍,주의보,변경,2021-09-17 17:00:00
2021-09-17 18:00:00,부산·울산·경상남도,남해동부앞바다(부산앞바다),풍랑,주의보,변경,2021-09-17 18:00:00
2021-09-17 18:00:00,부산·울산·경상남도,남해동부앞바다(부산앞바다),풍랑,주의보,변경,2021-09-17 18:00:00
2021-09-18 04:00:00,부산·울산·경상남도,"울산, 부산",강풍,주의보,해제,2021-09-18 04:00:00
2021-09-18 04:00:00,부산·울산·경상남도,"남해동부앞바다(부산앞바다), 동해남부앞바다(울산앞바다)",풍랑,주의보,해제,2021-09-18 04:00:00
2021-09-18 04:00:00,부산·울산·경상남도,"남해동부앞바다(부산앞바다), 동해남부앞바다(울산앞바다)",풍랑,주의보,해제,2021-09-18 06:00:00
2021-09-22 12:50:00,부산·울산·경상남도,"부산, 경상남도(양산)",강풍,주의보,발표,2021-09-22 12:50:00
2021-09-22 13:40:00,부산·울산·경상남도,"부산, 경상남도(양산)",강풍,주의보,해제,2021-09-22 13:40:00
2021-10-12 01:00:00,부산·울산·경상남도,"남해동부앞바다(거제시동부앞바다, 부산앞바다)",풍랑,주의보,발표,2021-10-12 03:00:00
2021-10-13 04:00:00,부산·울산·경상남도,"남해동부앞바다(거제시동부앞바다, 부산앞바다), 동해남부남쪽바깥먼바다, 동해남부남쪽안쪽먼바다",풍랑,주의보,해제,2021-10-13 05:00:00
2021-10-17 06:10:00,부산·울산·경상남도,"부산앞바다( 서부평수구역 ), 경남서부남해앞바다( 남부평수구역 ), 거제시동부앞바다( 연안바다 )",풍랑,주의보,해제,2021-10-17 07:00:00
2021-10-20 06:00:00,부산·울산·경상남도,"남해동부안쪽먼바다, 남해동부앞바다(부산앞바다)",풍랑,주의보,발표,2021-10-20 08:00:00
2021-10-20 08:30:00,부산·울산·경상남도,"부산앞바다( 동부평수구역 , 연안바다 )",풍랑,주의보,해제,2021-10-20 09:00:00
2021-10-20 13:00:00,부산·울산·경상남도,남해동부앞바다(부산앞바다),풍랑,주의보,해제,2021-10-20 15:00:00
2021-11-08 08:00:00,부산·울산·경상남도,"울산, 부산, 경상남도(진주, 양산, 남해, 고성, 거제, 사천, 통영, 산청, 하동, 함안, 밀양, 김해, 창원)",강풍,주의보,발표,2021-11-08 09:00:00
2021-11-08 16:00:00,부산·울산·경상남도,"울산, 부산, 경상남도(진주, 양산, 남해, 고성, 거제, 사천, 통영, 산청, 하동, 함안, 밀양, 김해, 창원)",강풍,주의보,해제,2021-11-08 16:00:00
2021-11-22 10:00:00,부산·울산·경상남도,"울산, 부산, 경상남도(양산, 밀양, 김해)",한파,주의보,발표,2021-11-22 21:00:00
2021-11-23 10:00:00,부산·울산·경상남도,"울산, 부산, 경상남도(양산, 밀양, 김해)",한파,주의보,해제,2021-11-23 10:00:00
2021-11-25 10:00:00,부산·울산·경상남도,"울산, 부산",건조,주의보,발표,2021-11-25 10:00:00
2021-11-30 07:00:00,부산·울산·경상남도,"울산, 부산",건조,주의보,해제,2021-11-30 07:00:00
2021-11-30 09:00:00,부산·울산·경상남도,"울산, 부산, 경상남도(남해, 고성, 거제, 사천, 통영, 산청, 하동, 창원)",강풍,주의보,발표,2021-11-30 11:00:00
2021-11-30 14:00:00,부산·울산·경상남도,"부산앞바다( 서부평수구역 ), 경남서부남해앞바다( 동부평수구역 , 서부평수구역 , 남해군연안바다 ), 경남중부남해앞바다( 평수구역 , 연안바다 )",풍랑,주의보,해제,2021-11-30 14:00:00
2021-12-01 04:00:00,부산·울산·경상남도,"울산앞바다( 평수구역 , 연안바다 ), 부산앞바다( 동부평수구역 , 연안바다 ), 경남서부남해앞바다( 남부평수구역 ), 거제시동부앞바다( 연안바다 )",풍랑,주의보,해제,2021-12-01 06:00:00
2021-12-01 10:00:00,부산·울산·경상남도,"울산, 부산, 경상남도(남해, 고성, 거제, 사천, 통영, 산청, 하동, 창원)",강풍,주의보,해제,2021-12-01 10:00:00
2021-12-12 10:00:00,부산·울산·경상남도,"울산, 부산, 경상남도(사천, 하동, 창원)",한파,주의보,발표,2021-12-12 21:00:00
2021-12-13 10:00:00,부산·울산·경상남도,"울산, 부산, 경상남도(양산, 고성, 사천, 거창, 함양, 산청, 하동, 김해, 창원)",한파,주의보,해제,2021-12-13 10:00:00
2021-12-14 10:00:00,부산·울산·경상남도,"울산, 부산",건조,주의보,발표,2021-12-14 10:00:00
2021-12-16 04:00:00,부산·울산·경상남도,"울산, 부산",건조,주의보,해제,2021-12-16 04:00:00
2021-12-17 04:00:00,부산·울산·경상남도,"울산, 부산, 경상남도(산청)",강풍,주의보,발표,2021-12-17 07:00:00
2021-12-17 10:00:00,부산·울산·경상남도,"남해동부앞바다(거제시동부앞바다, 부산앞바다), 동해남부앞바다(울산앞바다)",풍랑,주의보,발표,2021-12-17 11:00:00
2021-12-17 10:00:00,부산·울산·경상남도,"남해동부앞바다(거제시동부앞바다, 부산앞바다), 동해남부앞바다(울산앞바다)",풍랑,주의보,발표,2021-12-17 12:00:00
2021-12-17 10:00:00,부산·울산·경상남도,"울산, 부산, 경상남도",한파,주의보,발표,2021-12-17 21:00:00
2021-12-17 21:00:00,부산·울산·경상남도,"울산, 부산, 경상남도(산청)",강풍,주의보,해제,2021-12-17 22:00:00
2021-12-18 01:00:00,부산·울산·경상남도,"남해동부앞바다(거제시동부앞바다, 경남서부남해앞바다, 부산앞바다), 동해남부앞바다(울산앞바다)",풍랑,주의보,해제,2021-12-18 03:00:00
2021-12-18 09:00:00,부산·울산·경상남도,"울산, 부산",건조,주의보,발표,2021-12-18 09:00:00
2021-12-18 11:00:00,부산·울산·경상남도,"울산, 부산, 경상남도",한파,주의보,해제,2021-12-18 11:00:00
2021-12-25 01:00:00,부산·울산·경상남도,"남해동부앞바다(거제시동부앞바다, 경남서부남해앞바다, 부산앞바다)",풍랑,주의보,발표,2021-12-25 03:00:00
2021-12-25 01:00:00,부산·울산·경상남도,"남해동부앞바다(거제시동부앞바다, 경남서부남해앞바다, 부산앞바다)",풍랑,주의보,발표,2021-12-25 03:00:00
2021-12-25 01:00:00,부산·울산·경상남도,"남해동부앞바다(거제시동부앞바다, 경남서부남해앞바다, 부산앞바다)",풍랑,주의보,발표,2021-12-25 03:00:00
2021-12-25 01:00:00,부산·울산·경상남도,"남해동부앞바다(거제시동부앞바다, 경남서부남해앞바다, 부산앞바다)",풍랑,주의보,발표,2021-12-25 03:00:00
2021-12-25 02:00:00,부산·울산·경상남도,"울산, 부산, 경상남도(거제, 산청)",강풍,주의보,발표,2021-12-25 02:00:00
2021-12-26 10:00:00,부산·울산·경상남도,"울산, 부산",건조,경보,변경,2021-12-26 10:00:00
2021-12-26 12:50:00,부산·울산·경상남도,"울산앞바다( 평수구역 , 연안바다 ), 부산앞바다( 동부평수구역 , 서부평수구역 , 연안바다 )",풍랑,주의보,해제,2021-12-26 14:00:00
2021-12-26 15:00:00,부산·울산·경상남도,"울산, 부산, 경상남도(거제, 산청)",강풍,주의보,해제,2021-12-26 15:00:00
2021-12-26 15:00:00,부산·울산·경상남도,"남해동부앞바다(거제시동부앞바다, 경남서부남해앞바다, 부산앞바다)",풍랑,주의보,해제,2021-12-26 16:00:00
2021-12-28 16:00:00,부산·울산·경상남도,"울산, 부산",건조,주의보,변경,2021-12-28 16:00:00
2021-12-31 16:00:00,부산·울산·경상남도,"울산, 부산",건조,경보,변경,2021-12-31 16:00:00
2022-01-05 16:00:00,부산·울산·경상남도,"울산, 부산",건조,주의보,변경,2022-01-05 16:00:00
2022-01-11 09:00:00,부산·울산·경상남도,"울산, 부산, 경상남도(거제, 산청)",강풍,주의보,발표,2022-01-11 11:00:00
2022-01-11 09:00:00,부산·울산·경상남도,"남해동부앞바다(거제시동부앞바다, 부산앞바다)",풍랑,주의보,발표,2022-01-11 12:00:00
2022-01-11 09:00:00,부산·울산·경상남도,"남해동부앞바다(거제시동부앞바다, 부산앞바다)",풍랑,주의보,발표,2022-01-11 12:00:00
2022-01-12 06:00:00,부산·울산·경상남도,"울산, 부산, 경상남도(거제, 산청)",강풍,주의보,해제,2022-01-12 06:00:00
2022-01-12 06:00:00,부산·울산·경상남도,"남해동부안쪽먼바다, 남해동부앞바다(거제시동부앞바다, 부산앞바다)",풍랑,주의보,해제,2022-01-12 08:00:00
2022-01-13 02:00:00,부산·울산·경상남도,"울산, 부산, 경상남도(거제, 산청)",강풍,주의보,발표,2022-01-13 02:00:00
2022-01-13 20:00:00,부산·울산·경상남도,"울산, 부산, 경상남도(거제, 산청)",강풍,주의보,해제,2022-01-13 22:00:00
2022-01-14 10:00:00,부산·울산·경상남도,"울산, 부산",건조,경보,변경,2022-01-14 10:00:00
2022-01-20 09:00:00,부산·울산·경상남도,남해동부앞바다(부산앞바다),풍랑,주의보,발표,2022-01-20 12:00:00
2022-01-20 16:00:00,부산·울산·경상남도,"울산, 부산",건조,주의보,변경,2022-01-20 16:00:00
2022-01-20 18:00:00,부산·울산·경상남도,"남해동부바깥먼바다, 남해동부앞바다(부산앞바다)",풍랑,주의보,해제,2022-01-20 20:00:00
2022-01-22 16:00:00,부산·울산·경상남도,"울산, 부산, 경상남도(양산, 김해, 창원)",건조,주의보,해제,2022-01-22 16:00:00
2022-01-24 01:00:00,부산·울산·경상남도,"남해동부앞바다(거제시동부앞바다, 부산앞바다)",풍랑,주의보,발표,2022-01-24 03:00:00
2022-01-24 16:00:00,부산·울산·경상남도,"남해동부앞바다(거제시동부앞바다, 부산앞바다), 동해남부앞바다(울산앞바다)",풍랑,주의보,해제,2022-01-24 17:00:00
2022-01-27 10:00:00,부산·울산·경상남도,"울산, 부산, 경상남도(김해, 창원)",건조,주의보,발표,2022-01-27 10:00:00
2022-01-28 10:00:00,부산·울산·경상남도,"울산, 부산",건조,경보,변경,2022-01-28 10:00:00
2022-02-11 10:00:00,부산·울산·경상남도,"울산, 부산",건조,주의보,변경,2022-02-11 10:00:00
2022-02-13 07:00:00,부산·울산·경상남도,"울산, 부산, 경상남도",건조,주의보,해제,2022-02-13 07:00:00
2022-02-15 16:00:00,부산·울산·경상남도,"울산, 부산, 경상남도(양산, 사천, 의령, 밀양, 김해, 창원)",건조,주의보,발표,2022-02-15 16:00:00
2022-02-20 10:00:00,부산·울산·경상남도,"울산, 부산",건조,경보,변경,2022-02-20 10:00:00
2022-02-26 17:00:00,부산·울산·경상남도,"울산, 부산",강풍,주의보,발표,2022-02-26 17:00:00
2022-02-27 06:00:00,부산·울산·경상남도,"울산, 부산",강풍,주의보,해제,2022-02-27 08:00:00
2022-03-13 08:30:00,부산·울산·경상남도,"울산, 부산",건조,경보,해제,2022-03-13 08:30:00
2022-03-13 12:00:00,부산·울산·경상남도,"부산, 경상남도(거제)",강풍,주의보,발표,2022-03-13 12:00:00
2022-03-13 16:00:00,부산·울산·경상남도,"부산, 경상남도(거제)",강풍,주의보,해제,2022-03-13 16:00:00
2022-03-17 12:00:00,부산·울산·경상남도,"울산, 부산, 경상남도(거제, 통영)",강풍,주의보,발표,2022-03-17 15:00:00
2022-03-17 12:00:00,부산·울산·경상남도,"남해동부앞바다(거제시동부앞바다, 경남서부남해앞바다, 부산앞바다), 동해남부앞바다(울산앞바다)",풍랑,주의보,발표,2022-03-17 15:00:00
2022-03-17 12:00:00,부산·울산·경상남도,"남해동부앞바다(거제시동부앞바다, 경남서부남해앞바다, 부산앞바다), 동해남부앞바다(울산앞바다)",풍랑,주의보,발표,2022-03-17 15:00:00
2022-03-19 02:00:00,부산·울산·경상남도,"울산, 부산, 경상남도(거제, 통영)",강풍,주의보,해제,2022-03-19 02:00:00
2022-03-19 04:00:00,부산·울산·경상남도,"남해동부앞바다(거제시동부앞바다, 부산앞바다), 동해남부앞바다(울산앞바다)",풍랑,주의보,해제,2022-03-19 06:00:00
2022-03-25 22:30:00,부산·울산·경상남도,"울산, 부산, 경상남도(거제, 창원)",강풍,주의보,발표,2022-03-26 01:00:00
2022-03-25 22:30:00,부산·울산·경상남도,"남해동부앞바다(부산앞바다), 동해남부앞바다(울산앞바다)",풍랑,주의보,발표,2022-03-26 01:00:00
2022-03-25 22:30:00,부산·울산·경상남도,"남해동부앞바다(부산앞바다), 동해남부앞바다(울산앞바다)",풍랑,주의보,발표,2022-03-26 01:00:00
2022-03-25 22:30:00,부산·울산·경상남도,"남해동부앞바다(부산앞바다), 동해남부앞바다(울산앞바다)",풍랑,주의보,발표,2022-03-26 01:00:00
2022-03-25 23:30:00,부산·울산·경상남도,부산,호우,주의보,발표,2022-03-26 00:00:00
2022-03-25 23:30:00,부산·울산·경상남도,부산,호우,주의보,발표,2022-03-26 01:00:00
2022-03-26 03:00:00,부산·울산·경상남도,남해동부앞바다(부산앞바다),풍랑,경보,변경,2022-03-26 04:00:00
2022-03-26 03:00:00,부산·울산·경상남도,남해동부앞바다(부산앞바다),풍랑,경보,변경,2022-03-26 05:00:00
2022-03-26 03:00:00,부산·울산·경상남도,남해동부앞바다(부산앞바다),풍랑,경보,변경,2022-03-26 05:00:00
2022-03-26 05:00:00,부산·울산·경상남도,부산,호우,주의보,해제,2022-03-26 05:00:00
2022-03-26 05:00:00,부산·울산·경상남도,부산,호우,주의보,해제,2022-03-26 06:00:00
2022-03-26 10:00:00,부산·울산·경상남도,남해동부앞바다(부산앞바다),풍랑,주의보,변경,2022-03-26 11:00:00
2022-03-26 10:00:00,부산·울산·경상남도,남해동부앞바다(부산앞바다),풍랑,주의보,변경,2022-03-26 11:00:00
2022-03-26 10:00:00,부산·울산·경상남도,남해동부앞바다(부산앞바다),풍랑,주의보,변경,2022-03-26 11:00:00
2022-03-26 14:00:00,부산·울산·경상남도,"울산, 부산, 경상남도(남해, 고성, 거제, 사천, 통영, 산청, 하동, 창원)",강풍,주의보,해제,2022-03-26 14:00:00
2022-04-07 10:00:00,부산·울산·경상남도,"울산, 부산, 경상남도(양산, 산청, 의령, 밀양, 김해, 창원)",건조,주의보,발표,2022-04-07 10:00:00
2022-04-12 16:00:00,부산·울산·경상남도,"울산, 부산, 경상남도(양산, 합천, 거창, 함양, 산청, 의령, 밀양, 김해, 창원)",건조,주의보,해제,2022-04-12 16:00:00
2022-04-13 09:00:00,부산·울산·경상남도,"남해동부앞바다(거제시동부앞바다, 부산앞바다), 동해남부앞바다(울산앞바다)",풍랑,주의보,발표,2022-04-13 12:00:00
2022-04-13 09:00:00,부산·울산·경상남도,"남해동부앞바다(거제시동부앞바다, 부산앞바다), 동해남부앞바다(울산앞바다)",풍랑,주의보,발표,2022-04-13 12:00:00
2022-04-13 09:00:00,부산·울산·경상남도,"남해동부앞바다(거제시동부앞바다, 부산앞바다), 동해남부앞바다(울산앞바다)",풍랑,주의보,발표,2022-04-13 12:00:00
2022-04-16 03:00:00,부산·울산·경상남도,"남해동부앞바다(거제시동부앞바다, 부산앞바다), 동해남부앞바다(울산앞바다)",풍랑,주의보,해제,2022-04-16 05:00:00
2022-04-17 09:00:00,부산·울산·경상남도,"울산, 부산, 경상남도(양산, 합천, 거창, 함양, 산청, 창녕, 김해, 창원)",건조,주의보,발표,2022-04-17 09:00:00
2022-04-21 14:00:00,부산·울산·경상남도,"부산, 경상남도(양산, 남해, 거제, 하동, 김해, 창원)",건조,주의보,해제,2022-04-21 14:00:00
2022-04-25 21:00:00,부산·울산·경상남도,"울산, 부산, 경상남도(양산, 김해)",호우,주의보,발표,2022-04-25 23:00:00
2022-04-25 21:00:00,부산·울산·경상남도,"울산, 부산, 경상남도(양산, 김해)",호우,주의보,발표,2022-04-26 00:00:00
2022-04-26 06:00:00,부산·울산·경상남도,"부산, 경상남도(고성, 거제, 통영, 김해, 창원)",호우,경보,해제,2022-04-26 06:00:00
2022-04-26 09:00:00,부산·울산·경상남도,"울산, 부산, 경상남도(남해, 고성, 거제, 통영, 창원)",강풍,주의보,해제,2022-04-26 10:00:00
2022-04-29 00:00:00,부산·울산·경상남도,"울산, 부산, 경상남도(거제)",강풍,주의보,발표,2022-04-29 03:00:00
2022-04-29 00:00:00,부산·울산·경상남도,"남해동부앞바다(거제시동부앞바다, 부산앞바다)",풍랑,주의보,발표,2022-04-29 03:00:00
2022-04-29 00:00:00,부산·울산·경상남도,"남해동부앞바다(거제시동부앞바다, 부산앞바다)",풍랑,주의보,발표,2022-04-29 03:00:00
2022-04-29 00:00:00,부산·울산·경상남도,"남해동부앞바다(거제시동부앞바다, 부산앞바다)",풍랑,주의보,발표,2022-04-29 03:00:00
2022-04-29 16:00:00,부산·울산·경상남도,"울산, 부산, 경상남도(거제)",강풍,주의보,해제,2022-04-29 16:00:00
2022-04-30 04:00:00,부산·울산·경상남도,"남해동부앞바다(거제시동부앞바다, 부산앞바다)",풍랑,주의보,해제,2022-04-30 06:00:00
2022-05-15 10:00:00,부산·울산·경상남도,"울산, 부산, 경상남도(합천, 함양, 산청, 밀양)",건조,주의보,발표,2022-05-15 10:00:00
2022-05-21 10:00:00,부산·울산·경상남도,"울산, 부산, 경상남도(합천, 거창, 함양, 산청, 밀양)",건조,주의보,해제,2022-05-21 10:00:00
2022-05-30 10:00:00,부산·울산·경상남도,"울산, 부산, 경상남도(합천, 밀양)",건조,주의보,발표,2022-05-30 10:00:00
2022-06-03 16:00:00,부산·울산·경상남도,"울산, 부산",건조,주의보,해제,2022-06-03 16:00:00
2022-06-05 18:00:00,부산·울산·경상남도,"남해동부앞바다(거제시동부앞바다, 부산앞바다), 동해남부앞바다(울산앞바다)",풍랑,주의보,발표,2022-06-05 21:00:00
2022-06-05 18:00:00,부산·울산·경상남도,"남해동부앞바다(거제시동부앞바다, 부산앞바다), 동해남부앞바다(울산앞바다)",풍랑,주의보,발표,2022-06-05 21:00:00
2022-06-06 04:00:00,부산·울산·경상남도,"부산앞바다( 동부평수구역 , 서부평수구역 , 연안바다 ), 거제시동부앞바다( 연안바다 )",풍랑,주의보,해제,2022-06-06 06:00:00
2022-06-08 04:00:00,부산·울산·경상남도,"남해동부앞바다(거제시동부앞바다, 부산앞바다), 동해남부앞바다(울산앞바다)",풍랑,주의보,해제,2022-06-08 06:00:00
2022-06-08 04:00:00,부산·울산·경상남도,"남해동부앞바다(거제시동부앞바다, 부산앞바다), 동해남부앞바다(울산앞바다)",풍랑,주의보,해제,2022-06-08 07:00:00
2022-06-13 23:00:00,부산·울산·경상남도,"남해동부안쪽먼바다, 남해동부앞바다(거제시동부앞바다, 부산앞바다), 동해남부앞바다(울산앞바다)",풍랑,주의보,발표,2022-06-14 02:00:00
2022-06-14 16:30:00,부산·울산·경상남도,"부산앞바다( 서부평수구역 ), 거제시동부앞바다( 연안바다 )",풍랑,주의보,해제,2022-06-14 17:00:00
2022-06-14 20:00:00,부산·울산·경상남도,"남해동부안쪽먼바다, 남해동부앞바다(거제시동부앞바다, 부산앞바다), 동해남부남쪽안쪽먼바다, 동해남부앞바다(울산앞바다)",풍랑,주의보,해제,2022-06-14 22:00:00
2022-06-23 22:00:00,부산·울산·경상남도,"울산, 부산, 경상남도(거제, 통영)",강풍,주의보,발표,2022-06-23 22:00:00
2022-06-24 14:00:00,부산·울산·경상남도,"울산, 부산, 경상남도(거제, 통영)",강풍,주의보,해제,2022-06-24 14:00:00
2022-06-27 11:10:00,부산·울산·경상남도,"울산, 부산, 경상남도(밀양)",호우,주의보,발표,2022-06-27 11:10:00
2022-06-27 16:50:00,부산·울산·경상남도,부산,호우,주의보,해제,2022-06-27 16:50:00
2022-06-27 16:50:00,부산·울산·경상남도,부산,호우,주의보,해제,2022-06-27 18:00:00
2022-06-28 01:30:00,부산·울산·경상남도,"울산, 부산, 경상남도(거제, 통영)",강풍,주의보,발표,2022-06-28 01:30:00
2022-06-29 18:00:00,부산·울산·경상남도,"울산, 부산",강풍,주의보,해제,2022-06-29 20:00:00
2022-07-02 10:00:00,부산·울산·경상남도,부산,폭염,주의보,발표,2022-07-02 11:00:00
2022-07-10 16:00:00,부산·울산·경상남도,"울산, 부산, 경상남도(진주, 남해, 고성, 거제, 통영, 거창, 산청, 함안)",폭염,주의보,해제,2022-07-10 21:00:00
2022-07-14 10:00:00,부산·울산·경상남도,"울산, 부산, 경상남도(진주, 양산, 사천, 합천, 거창, 함양, 산청, 하동, 창녕, 함안, 의령, 밀양, 김해, 창원)",폭염,주의보,발표,2022-07-14 11:00:00
2022-07-14 20:50:00,부산·울산·경상남도,부산,폭풍해일,주의보,발표,2022-07-14 20:50:00
2022-07-14 22:20:00,부산·울산·경상남도,부산,폭풍해일,주의보,해제,2022-07-14 22:20:00
2022-07-15 20:40:00,부산·울산·경상남도,"부산, 경상남도(고성, 거제, 사천, 통영)",폭풍해일,주의보,발표,2022-07-15 20:40:00
2022-07-16 00:00:00,부산·울산·경상남도,"부산, 경상남도(고성, 거제, 사천, 통영)",폭풍해일,주의보,해제,2022-07-16 00:00:00
2022-07-16 21:50:00,부산·울산·경상남도,"부산, 경상남도(거제)",폭풍해일,주의보,발표,2022-07-16 21:50:00
2022-07-17 00:00:00,부산·울산·경상남도,"부산, 경상남도(거제)",폭풍해일,주의보,해제,2022-07-17 00:00:00
2022-07-17 16:00:00,부산·울산·경상남도,"부산, 경상남도(진주, 양산, 사천, 합천, 하동, 창녕, 함안, 의령, 밀양, 김해, 창원)",폭염,주의보,해제,2022-07-17 16:00:00
2022-07-18 04:00:00,부산·울산·경상남도,"울산, 부산",호우,주의보,발표,2022-07-18 06:00:00
2022-07-18 04:00:00,부산·울산·경상남도,"울산, 부산",호우,주의보,발표,2022-07-18 07:00:00
2022-07-18 15:00:00,부산·울산·경상남도,"울산, 부산, 경상남도(남해, 고성, 사천, 하동, 창원)",호우,주의보,해제,2022-07-18 15:00:00
2022-07-19 09:00:00,부산·울산·경상남도,"울산, 부산, 경상남도(남해, 통영, 거창 제외)",폭염,주의보,발표,2022-07-19 11:00:00
2022-07-20 16:00:00,부산·울산·경상남도,"울산, 부산, 경상남도(남해, 통영, 거창 제외)",폭염,주의보,해제,2022-07-20 20:00:00
2022-07-24 10:00:00,부산·울산·경상남도,"울산, 부산, 경상남도(남해, 거제, 통영 제외)",폭염,주의보,발표,2022-07-24 11:00:00
2022-07-30 16:00:00,부산·울산·경상남도,"울산, 부산, 경상남도(남해, 고성, 거제, 사천, 통영, 거창, 함양, 산청, 진주, 의령, 창원, 양산)",폭염,주의보,해제,2022-07-30 20:00:00
2022-08-01 10:00:00,부산·울산·경상남도,"부산, 경상남도(창녕, 밀양, 김해, 창원, 양산)",폭염,주의보,발표,2022-08-01 10:00:00
2022-08-05 09:00:00,부산·울산·경상남도,"부산, 경상남도(진주)",폭염,경보,변경,2022-08-05 11:00:00
2022-08-08 16:00:00,부산·울산·경상남도,"울산, 부산, 경상남도(남해, 거창 제외)",폭염,주의보,변경,2022-08-08 16:00:00
2022-08-11 11:00:00,부산·울산·경상남도,"울산, 부산, 경상남도(거창, 함양 제외)",폭염,주의보,해제,2022-08-11 11:00:00
2022-08-12 10:00:00,부산·울산·경상남도,"울산, 부산, 경상남도(남해, 고성, 거제, 사천, 통영, 거창, 함양, 산청, 진주, 함안, 밀양)",폭염,주의보,발표,2022-08-12 10:00:00
2022-08-12 20:30:00,부산·울산·경상남도,"부산, 경상남도(거제)",폭풍해일,주의보,발표,2022-08-12 20:30:00
2022-08-12 22:10:00,부산·울산·경상남도,"부산, 경상남도(거제)",폭풍해일,주의보,해제,2022-08-12 22:10:00
2022-08-13 10:00:00,부산·울산·경상남도,"울산, 부산, 경상남도(거제, 진주, 함안, 밀양)",폭염,경보,변경,2022-08-13 10:00:00
2022-08-15 16:00:00,부산·울산·경상남도,"울산, 부산, 경상남도(거제, 합천, 하동, 진주, 창녕, 함안, 의령, 밀양, 김해, 창원, 양산)",폭염,경보,해제,2022-08-15 21:00:00
2022-08-16 18:00:00,부산·울산·경상남도,"부산, 경상남도(남해, 고성, 거제, 사천, 통영, 하동, 창원)",호우,주의보,발표,2022-08-16 19:00:00
2022-08-17 07:10:00,부산·울산·경상남도,"부산, 경상남도(거제, 통영, 창원)",호우,주의보,해제,2022-08-17 07:10:00
2022-08-19 10:00:00,부산·울산·경상남도,"울산, 부산, 경상남도(고성, 통영 제외)",폭염,주의보,발표,2022-08-19 10:00:00
2022-08-20 09:00:00,부산·울산·경상남도,"울산, 부산, 경상남도(고성, 통영 제외)",폭염,주의보,해제,2022-08-20 09:00:00
2022-09-02 18:00:00,부산·울산·경상남도,"울산, 부산, 경상남도(남해, 고성, 거제, 사천, 통영, 창원)",강풍,주의보,발표,2022-09-02 21:00:00
2022-09-05 17:00:00,부산·울산·경상남도,"울산, 부산, 경상남도(고성, 거제, 사천, 창원), 남해동부앞바다(거제시동부앞바다, 경남중부남해앞바다, 부산앞바다), 동해남부남쪽바깥먼바다, 동해남부남쪽안쪽먼바다, 동해남부앞바다(울산앞바다)",태풍,주의보,변경,2022-09-05 19:00:00
2022-09-05 19:00:00,부산·울산·경상남도,"울산, 부산, 경상남도, 남해동부앞바다, 동해남부남쪽바깥먼바다, 동해남부남쪽안쪽먼바다, 동해남부앞바다(울산앞바다)",태풍,경보,변경,2022-09-05 23:00:00
2022-09-06 09:20:00,부산·울산·경상남도,"부산, 경상남도(남해, 고성, 거제, 사천, 통영, 창원)",강풍,주의보,변경,2022-09-06 12:00:00
2022-09-06 13:00:00,부산·울산·경상남도,"울산, 부산, 경상남도(남해, 고성, 거제, 사천, 통영, 창원)",강풍,주의보,해제,2022-09-06 15:00:00
2022-09-10 14:00:00,부산·울산·경상남도,"남해동부안쪽먼바다, 남해동부앞바다(거제시동부앞바다, 부산앞바다), 동해남부앞바다(울산앞바다)",풍랑,주의보,발표,2022-09-10 15:00:00
2022-09-10 18:00:00,부산·울산·경상남도,"남해동부안쪽먼바다, 남해동부앞바다(거제시동부앞바다, 부산앞바다), 동해남부앞바다(울산앞바다)",풍랑,주의보,해제,2022-09-10 20:00:00
2022-09-13 17:00:00,부산·울산·경상남도,"남해동부앞바다(거제시동부앞바다, 부산앞바다), 동해남부남쪽바깥먼바다, 동해남부남쪽안쪽먼바다, 동해남부앞바다(울산앞바다)",풍랑,주의보,발표,2022-09-13 19:00:00
2022-09-13 17:10:00,부산·울산·경상남도,"울산앞바다( 평수구역 , 연안바다 ), 부산앞바다( 동부평수구역 , 연안바다 ), 거제시동부앞바다( 연안바다 )",풍랑,주의보,발표,2022-09-13 19:00:00
2022-09-13 20:00:00,부산·울산·경상남도,"울산, 부산, 경상남도(남해, 거제, 통영)",강풍,주의보,발표,2022-09-13 21:00:00
2022-09-15 09:00:00,부산·울산·경상남도,"울산, 부산, 경상남도(남해, 거제, 통영)",강풍,주의보,해제,2022-09-15 10:00:00
2022-09-16 03:00:00,부산·울산·경상남도,"남해동부앞바다(거제시동부앞바다, 부산앞바다), 동해남부앞바다(울산앞바다)",풍랑,주의보,해제,2022-09-16 05:00:00
2022-09-16 03:00:00,부산·울산·경상남도,"남해동부앞바다(거제시동부앞바다, 부산앞바다), 동해남부앞바다(울산앞바다)",풍랑,주의보,해제,2022-09-16 06:00:00
2022-09-18 12:00:00,부산·울산·경상남도,"남해동부앞바다(거제시동부앞바다, 부산앞바다), 동해남부앞바다(울산앞바다)",풍랑,주의보,발표,2022-09-18 14:00:00
2022-09-18 14:00:00,부산·울산·경상남도,"울산, 부산, 경상남도(남해, 고성, 거제, 사천, 통영, 함안, 밀양, 김해, 창원, 양산)",강풍,주의보,발표,2022-09-18 14:00:00
2022-09-18 15:00:00,부산·울산·경상남도,"남해동부앞바다(거제시동부앞바다, 부산앞바다), 동해남부앞바다(울산앞바다)",태풍,경보,변경,2022-09-18 18:00:00
2022-09-18 18:00:00,부산·울산·경상남도,"울산, 부산, 경상남도(남해, 고성, 거제, 사천, 통영, 함안, 밀양, 김해, 창원, 양산), 남해동부앞바다(경남중부남해앞바다, 경남서부남해앞바다)",태풍,경보,변경,2022-09-18 21:00:00
2022-09-19 12:00:00,부산·울산·경상남도,"울산, 부산",강풍,주의보,변경,2022-09-19 12:00:00
2022-09-19 12:00:00,부산·울산·경상남도,"울산, 부산",강풍,주의보,변경,2022-09-19 14:00:00
2022-09-19 14:00:00,부산·울산·경상남도,"남해동부앞바다(부산앞바다), 동해남부앞바다(울산앞바다)",풍랑,경보,변경,2022-09-19 15:00:00
2022-09-19 16:00:00,부산·울산·경상남도,"부산, 경상남도(거제, 김해, 양산)",강풍,주의보,해제,2022-09-19 18:00:00
2022-09-20 06:00:00,부산·울산·경상남도,"남해동부앞바다(거제시동부앞바다, 부산앞바다), 동해남부앞바다(울산앞바다)",풍랑,주의보,변경,2022-09-20 08:00:00
2022-09-20 08:40:00,부산·울산·경상남도,부산앞바다( 서부평수구역 ),풍랑,주의보,해제,2022-09-20 08:40:00
2022-09-21 09:00:00,부산·울산·경상남도,"남해동부앞바다(거제시동부앞바다, 부산앞바다), 동해남부앞바다(울산앞바다)",풍랑,주의보,해제,2022-09-21 10:00:00
2022-09-21 09:00:00,부산·울산·경상남도,"남해동부앞바다(거제시동부앞바다, 부산앞바다), 동해남부앞바다(울산앞바다)",풍랑,주의보,해제,2022-09-21 12:00:00
2022-10-07 14:00:00,부산·울산·경상남도,"남해동부앞바다(부산앞바다), 남해동부안쪽먼바다",풍랑,주의보,발표,2022-10-07 17:00:00
2022-10-08 16:30:00,부산·울산·경상남도,부산앞바다( 동부평수구역 ),풍랑,주의보,해제,2022-10-08 16:30:00
2022-10-08 18:00:00,부산·울산·경상남도,"남해동부앞바다(부산앞바다, 거제시동부앞바다)",풍랑,주의보,해제,2022-10-08 21:00:00
2022-10-10 12:50:00,부산·울산·경상남도,부산,강풍,주의보,발표,2022-10-10 12:50:00
2022-10-11 02:00:00,부산·울산·경상남도,"경상남도(산청), 부산",강풍,주의보,해제,2022-10-11 04:00:00
2022-10-24 23:00:00,부산·울산·경상남도,"남해동부앞바다(부산앞바다, 거제시동부앞바다)",풍랑,주의보,발표,2022-10-25 02:00:00
2022-10-24 23:10:00,부산·울산·경상남도,"부산앞바다( 서부평수구역 ), 거제시동부앞바다( 연안바다 )",풍랑,주의보,해제,2022-10-25 02:00:00
2022-10-25 09:10:00,부산·울산·경상남도,부산앞바다( 동부평수구역 ),풍랑,주의보,해제,2022-10-25 09:10:00
2022-10-25 13:00:00,부산·울산·경상남도,"동해남부앞바다(울산앞바다), 남해동부앞바다(부산앞바다, 거제시동부앞바다)",풍랑,주의보,해제,2022-10-25 15:00:00
2022-11-03 16:00:00,부산·울산·경상남도,"경상남도(창원), 부산, 울산",건조,주의보,발표,2022-11-03 16:00:00
2022-11-08 16:00:00,부산·울산·경상남도,"경상남도(창원), 부산, 울산",건조,주의보,해제,2022-11-08 16:00:00
2022-11-28 22:00:00,부산·울산·경상남도,"경상남도(통영, 거제, 고성), 부산, 울산",강풍,주의보,발표,2022-11-29 00:00:00
2022-11-29 10:00:00,부산·울산·경상남도,"경상남도, 부산, 울산",한파,경보,발표,2022-11-29 21:00:00
2022-11-29 13:50:00,부산·울산·경상남도,"울산앞바다( 평수구역 , 연안바다 ), 부산앞바다( 동부평수구역 , 서부평수구역 , 연안바다 ), 경남서부남해앞바다( 동부평수구역 , 남부평수구역 , 남해군연안바다 ), 경남중부남해앞바다( 연안바다 ), 거제시동부앞바다( 연안바다 )",풍랑,주의보,해제,2022-11-29 13:50:00
2022-11-30 10:00:00,부산·울산·경상남도,"경상남도(통영, 거제, 고성), 부산, 울산",강풍,주의보,해제,2022-11-30 10:00:00
2022-11-30 10:00:00,부산·울산·경상남도,"경상남도, 부산, 울산",한파,주의보,변경,2022-11-30 10:00:00
2022-12-01 10:00:00,부산·울산·경상남도,"경상남도, 부산, 울산",한파,주의보,해제,2022-12-01 10:00:00
2022-12-01 10:10:00,부산·울산·경상남도,"경상남도(양산), 부산",건조,주의보,발표,2022-12-01 10:10:00
2022-12-11 16:00:00,부산·울산·경상남도,"경상남도(창원, 김해), 부산, 울산",건조,주의보,해제,2022-12-11 16:00:00
2022-12-15 10:00:00,부산·울산·경상남도,"경상남도(양산, 김해, 밀양), 부산",건조,주의보,발표,2022-12-15 10:00:00
2022-12-21 09:00:00,부산·울산·경상남도,"경상남도(양산, 창원, 김해, 밀양, 창녕, 진주, 사천, 거제), 부산, 울산",건조,주의보,해제,2022-12-21 09:00:00
2022-12-22 22:00:00,부산·울산·경상남도,"경상남도(산청, 통영, 거제), 부산, 울산",강풍,주의보,발표,2022-12-23 00:00:00
2022-12-22 22:00:00,부산·울산·경상남도,"남해동부앞바다(부산앞바다, 경남서부남해앞바다, 거제시동부앞바다)",풍랑,주의보,발표,2022-12-23 00:00:00
2022-12-24 09:00:00,부산·울산·경상남도,"경상남도(산청, 통영, 거제), 부산, 울산",강풍,주의보,해제,2022-12-24 09:00:00
2022-12-25 04:00:00,부산·울산·경상남도,"남해동부앞바다(부산앞바다), 남해동부안쪽먼바다",풍랑,주의보,해제,2022-12-25 07:00:00
2022-12-25 10:00:00,부산·울산·경상남도,"경상남도(양산, 창원, 김해), 부산",건조,주의보,발표,2022-12-25 10:00:00
2023-01-03 11:00:00,부산·울산·경상남도,"부산, 울산",건조,경보,변경,2023-01-03 11:00:00
2023-01-06 10:00:00,부산·울산·경상남도,"부산, 울산",건조,주의보,변경,2023-01-06 10:00:00
2023-01-10 10:00:00,부산·울산·경상남도,부산,건조,주의보,해제,2023-01-10 10:00:00
2023-01-13 03:00:00,부산·울산·경상남도,"남해동부앞바다(부산앞바다, 경남서부남해앞바다, 거제시동부앞바다), 남해동부안쪽먼바다",풍랑,주의보,발표,2023-01-13 05:00:00
2023-01-13 10:00:00,부산·울산·경상남도,"경상남도(창원, 김해, 거제, 고성), 부산",호우,주의보,발표,2023-01-13 10:00:00
2023-01-13 12:30:00,부산·울산·경상남도,"경상남도(양산, 통영), 부산",호우,주의보,해제,2023-01-13 12:30:00
2023-01-13 20:00:00,부산·울산·경상남도,"동해남부앞바다(울산앞바다), 남해동부앞바다(부산앞바다, 경남서부남해앞바다, 거제시동부앞바다)",풍랑,주의보,해제,2023-01-13 21:00:00
2023-01-14 16:00:00,부산·울산·경상남도,"남해동부앞바다(부산앞바다, 거제시동부앞바다)",풍랑,주의보,발표,2023-01-14 18:00:00
2023-01-14 16:00:00,부산·울산·경상남도,"남해동부앞바다(부산앞바다, 거제시동부앞바다)",풍랑,주의보,발표,2023-01-14 18:00:00
2023-01-14 17:10:00,부산·울산·경상남도,부산앞바다( 서부평수구역 ),풍랑,주의보,해제,2023-01-14 18:00:00
2023-01-15 08:10:00,부산·울산·경상남도,"부산앞바다( 동부평수구역 , 연안바다 ), 거제시동부앞바다( 연안바다 )",풍랑,주의보,해제,2023-01-15 08:10:00
2023-01-16 04:00:00,부산·울산·경상남도,"남해동부앞바다(부산앞바다, 거제시동부앞바다)",풍랑,주의보,해제,2023-01-16 06:00:00
2023-01-20 10:00:00,부산·울산·경상남도,"경상남도(창원, 김해), 부산, 울산",건조,주의보,발표,2023-01-20 10:00:00
2023-01-23 10:00:00,부산·울산·경상남도,"경상남도, 부산, 울산",한파,주의보,발표,2023-01-23 21:00:00
2023-01-23 22:00:00,부산·울산·경상남도,"경상남도(통영, 거제, 남해), 부산, 울산",강풍,주의보,발표,2023-01-23 23:00:00
2023-01-24 00:00:00,부산·울산·경상남도,"남해동부앞바다(부산앞바다, 경남서부남해앞바다, 거제시동부앞바다)",풍랑,주의보,발표,2023-01-24 03:00:00
2023-01-24 00:00:00,부산·울산·경상남도,"남해동부앞바다(부산앞바다, 경남서부남해앞바다, 거제시동부앞바다)",풍랑,주의보,발표,2023-01-24 03:00:00
2023-01-25 04:00:00,부산·울산·경상남도,"경상남도(김해, 의령, 하동, 산청, 통영, 거제, 남해), 부산, 울산",강풍,주의보,해제,2023-01-25 06:00:00
2023-01-25 06:00:00,부산·울산·경상남도,"남해동부앞바다(부산앞바다, 경남서부남해앞바다, 거제시동부앞바다)",풍랑,주의보,해제,2023-01-25 07:00:00
2023-01-25 11:00:00,부산·울산·경상남도,"경상남도(양산, 창원, 김해, 밀양, 하동, 통영, 사천, 거제, 남해), 부산, 울산",한파,주의보,해제,2023-01-25 14:00:00
2023-01-27 10:40:00,부산·울산·경상남도,"부산, 울산",강풍,주의보,발표,2023-01-27 10:40:00
2023-01-28 10:00:00,부산·울산·경상남도,"부산, 울산",강풍,주의보,해제,2023-01-28 12:00:00
2023-02-09 18:00:00,부산·울산·경상남도,"경상남도(창원, 김해, 밀양, 진주, 산청, 함양, 거창, 합천), 부산, 울산",건조,주의보,해제,2023-02-09 18:00:00
2023-02-13 10:00:00,부산·울산·경상남도,남해동부앞바다(부산앞바다),풍랑,주의보,발표,2023-02-13 12:00:00
2023-02-13 10:00:00,부산·울산·경상남도,남해동부앞바다(부산앞바다),풍랑,주의보,발표,2023-02-13 12:00:00
2023-02-14 02:00:00,부산·울산·경상남도,"동해남부앞바다(울산앞바다), 남해동부앞바다(부산앞바다), 남해동부안쪽먼바다",풍랑,주의보,해제,2023-02-14 04:00:00
2023-02-14 16:00:00,부산·울산·경상남도,남해동부앞바다(부산앞바다),풍랑,주의보,발표,2023-02-14 17:00:00
2023-02-14 16:00:00,부산·울산·경상남도,남해동부앞바다(부산앞바다),풍랑,주의보,발표,2023-02-14 18:00:00
2023-02-14 22:00:00,부산·울산·경상남도,부산앞바다( 서부평수구역 ),풍랑,주의보,해제,2023-02-14 22:00:00
2023-02-16 04:00:00,부산·울산·경상남도,"남해동부앞바다(부산앞바다, 거제시동부앞바다)",풍랑,주의보,해제,2023-02-16 05:00:00
2023-02-16 04:00:00,부산·울산·경상남도,"남해동부앞바다(부산앞바다, 거제시동부앞바다)",풍랑,주의보,해제,2023-02-16 06:00:00
2023-02-24 10:00:00,부산·울산·경상남도,"경상남도(양산, 창원, 김해, 밀양, 의령, 창녕, 산청, 함양, 거창, 합천), 부산, 울산",건조,주의보,발표,2023-02-24 10:00:00
2023-03-01 10:00:00,부산·울산·경상남도,"경상남도(통영, 사천, 거제, 남해), 부산",건조,주의보,해제,2023-03-01 10:00:00
2023-03-04 11:00:00,부산·울산·경상남도,부산,건조,주의보,발표,2023-03-04 11:00:00
2023-03-07 16:00:00,부산·울산·경상남도,"경상남도(창원, 김해, 진주), 부산",건조,주의보,해제,2023-03-07 16:00:00
2023-03-23 10:15:00,부산·울산·경상남도,"부산, 울산",호우,주의보,발표,2023-03-23 10:15:00
2023-03-23 12:30:00,부산·울산·경상남도,"부산, 울산",호우,주의보,해제,2023-03-23 12:30:00
2023-04-02 09:00:00,부산·울산·경상남도,"남해동부앞바다(부산앞바다, 거제시동부앞바다)",풍랑,주의보,발표,2023-04-02 11:00:00
2023-04-02 09:00:00,부산·울산·경상남도,"남해동부앞바다(부산앞바다, 거제시동부앞바다)",풍랑,주의보,발표,2023-04-02 11:00:00
2023-04-03 17:00:00,부산·울산·경상남도,"남해동부앞바다(부산앞바다, 거제시동부앞바다)",풍랑,주의보,해제,2023-04-03 18:00:00
2023-04-05 09:00:00,부산·울산·경상남도,"경상남도(통영, 사천, 거제, 고성, 남해), 부산, 울산",강풍,주의보,발표,2023-04-05 10:00:00
2023-04-05 09:00:00,부산·울산·경상남도,"경상남도(창원, 거제), 부산",호우,주의보,발표,2023-04-05 11:00:00
2023-04-05 09:00:00,부산·울산·경상남도,"경상남도(창원, 거제), 부산",호우,주의보,발표,2023-04-05 12:00:00
2023-04-05 18:00:00,부산·울산·경상남도,"경상남도(창원, 통영, 거제), 부산",호우,주의보,해제,2023-04-05 18:00:00
2023-04-06 02:00:00,부산·울산·경상남도,"경상남도(통영, 사천, 거제, 고성, 남해), 부산, 울산",강풍,주의보,해제,2023-04-06 03:00:00
2023-04-11 09:00:00,부산·울산·경상남도,부산,강풍,주의보,발표,2023-04-11 09:00:00
2023-04-11 09:00:00,부산·울산·경상남도,남해동부앞바다(부산앞바다),풍랑,주의보,발표,2023-04-11 11:00:00
2023-04-11 23:00:00,부산·울산·경상남도,"경상남도(통영), 부산, 울산",강풍,주의보,해제,2023-04-11 23:00:00
2023-04-11 23:00:00,부산·울산·경상남도,"동해남부앞바다(울산앞바다), 남해동부앞바다(부산앞바다)",풍랑,주의보,해제,2023-04-12 01:00:00
2023-04-12 10:00:00,부산·울산·경상남도,"경상남도(양산, 김해, 밀양, 의령, 창녕, 산청, 거창), 부산",건조,주의보,발표,2023-04-12 10:00:00
2023-04-14 13:00:00,부산·울산·경상남도,"경상남도(양산, 창원, 김해, 밀양, 의령, 창녕, 산청, 함양, 거창, 합천, 남해), 부산",건조,주의보,해제,2023-04-14 13:00:00
2023-04-18 04:00:00,부산·울산·경상남도,"남해동부앞바다(부산앞바다, 거제시동부앞바다), 남해동부안쪽먼바다, 남해동부바깥먼바다",풍랑,주의보,발표,2023-04-18 06:00:00
2023-04-18 04:00:00,부산·울산·경상남도,"남해동부앞바다(부산앞바다, 거제시동부앞바다), 남해동부안쪽먼바다, 남해동부바깥먼바다",풍랑,주의보,발표,2023-04-18 06:00:00
2023-04-18 04:00:00,부산·울산·경상남도,"남해동부앞바다(부산앞바다, 거제시동부앞바다), 남해동부안쪽먼바다, 남해동부바깥먼바다",풍랑,주의보,발표,2023-04-18 07:00:00
2023-04-18 12:00:00,부산·울산·경상남도,"경상남도(통영, 거제), 부산, 울산",강풍,주의보,발표,2023-04-18 12:00:00
2023-04-18 18:00:00,부산·울산·경상남도,"경상남도(통영, 거제), 부산, 울산",강풍,주의보,해제,2023-04-18 18:00:00
2023-04-18 18:00:00,부산·울산·경상남도,"동해남부앞바다(울산앞바다), 남해동부앞바다(부산앞바다, 거제시동부앞바다)",풍랑,주의보,해제,2023-04-18 20:00:00
2023-04-18 18:00:00,부산·울산·경상남도,"동해남부앞바다(울산앞바다), 남해동부앞바다(부산앞바다, 거제시동부앞바다)",풍랑,주의보,해제,2023-04-18 21:00:00
2023-04-21 08:00:00,부산·울산·경상남도,"동해남부앞바다(울산앞바다), 동해남부남쪽안쪽먼바다, 남해동부앞바다(부산앞바다, 거제시동부앞바다)",풍랑,주의보,발표,2023-04-21 10:00:00
2023-04-21 08:00:00,부산·울산·경상남도,"동해남부앞바다(울산앞바다), 동해남부남쪽안쪽먼바다, 남해동부앞바다(부산앞바다, 거제시동부앞바다)",풍랑,주의보,발표,2023-04-21 10:00:00
2023-04-21 08:00:00,부산·울산·경상남도,"동해남부앞바다(울산앞바다), 동해남부남쪽안쪽먼바다, 남해동부앞바다(부산앞바다, 거제시동부앞바다)",풍랑,주의보,발표,2023-04-21 10:00:00
2023-04-21 09:00:00,부산·울산·경상남도,"경상남도(통영, 거제), 부산, 울산",강풍,주의보,발표,2023-04-21 10:00:00
2023-04-22 18:00:00,부산·울산·경상남도,"동해남부앞바다(울산앞바다), 동해남부남쪽안쪽먼바다, 남해동부앞바다(부산앞바다, 거제시동부앞바다)",풍랑,주의보,해제,2023-04-22 22:00:00
2023-04-22 21:00:00,부산·울산·경상남도,"경상남도(통영, 거제), 부산, 울산",강풍,주의보,해제,2023-04-23 00:00:00
2023-05-05 02:00:00,부산·울산·경상남도,"경상남도(창원), 부산",호우,주의보,발표,2023-05-05 04:00:00
2023-05-05 07:00:00,부산·울산·경상남도,"부산, 울산",강풍,주의보,발표,2023-05-05 07:00:00
2023-05-05 07:00:00,부산·울산·경상남도,"동해남부앞바다(울산앞바다), 남해동부앞바다(부산앞바다)",풍랑,주의보,발표,2023-05-05 08:00:00
2023-05-05 07:00:00,부산·울산·경상남도,"동해남부앞바다(울산앞바다), 남해동부앞바다(부산앞바다)",풍랑,주의보,발표,2023-05-05 08:00:00
2023-05-05 07:00:00,부산·울산·경상남도,"부산, 울산",강풍,주의보,발표,2023-05-05 09:00:00
2023-05-05 07:00:00,부산·울산·경상남도,"동해남부앞바다(울산앞바다), 남해동부앞바다(부산앞바다)",풍랑,주의보,발표,2023-05-05 09:00:00
2023-05-05 07:00:00,부산·울산·경상남도,"동해남부앞바다(울산앞바다), 남해동부앞바다(부산앞바다)",풍랑,주의보,발표,2023-05-05 09:00:00
2023-05-06 05:00:00,부산·울산·경상남도,"경상남도(거제), 부산, 울산",호우,주의보,해제,2023-05-06 05:00:00
2023-05-08 00:00:00,부산·울산·경상남도,"경상남도(거제), 부산, 울산",강풍,주의보,해제,2023-05-08 00:00:00
2023-05-08 10:10:00,부산·울산·경상남도,"부산앞바다( 서부평수구역 ), 거제시동부앞바다( 연안바다 )",풍랑,주의보,해제,2023-05-08 11:00:00
2023-05-08 16:00:00,부산·울산·경상남도,"동해남부앞바다(울산앞바다), 남해동부앞바다(부산앞바다, 거제시동부앞바다)",풍랑,주의보,해제,2023-05-08 18:00:00
2023-06-27 22:40:00,부산·울산·경상남도,"경상남도(양산, 김해, 의령, 함안, 함양), 부산",호우,주의보,발표,2023-06-27 22:40:00
2023-06-27 23:45:00,부산·울산·경상남도,"경상남도(김해), 부산",호우,경보,변경,2023-06-27 23:45:00
2023-06-28 04:00:00,부산·울산·경상남도,"경상남도(창원, 김해), 부산",호우,주의보,변경,2023-06-28 04:00:00
2023-06-28 06:20:00,부산·울산·경상남도,"경상남도(양산, 창원, 김해, 의령, 함안, 진주, 하동, 산청, 함양, 통영, 사천, 거제, 고성, 남해), 부산",호우,주의보,해제,2023-06-28 06:20:00
2023-07-02 10:00:00,부산·울산·경상남도,"경상남도(진주, 산청), 부산",폭염,주의보,발표,2023-07-02 10:00:00
2023-07-03 18:00:00,부산·울산·경상남도,"경상남도(양산, 창원, 밀양, 의령, 함안, 창녕, 진주, 하동, 산청, 함양, 합천), 부산, 울산",폭염,주의보,해제,2023-07-03 20:00:00
2023-07-05 10:00:00,부산·울산·경상남도,"경상남도(양산, 창원, 김해, 밀양, 의령, 함안, 창녕, 진주, 하동, 산청, 합천), 부산, 울산",폭염,주의보,발표,2023-07-05 11:00:00
2023-07-06 16:00:00,부산·울산·경상남도,"경상남도(양산, 창원, 김해, 밀양, 의령, 함안, 창녕, 진주, 하동, 산청, 합천), 부산, 울산",폭염,주의보,해제,2023-07-06 20:00:00
2023-07-07 15:10:00,부산·울산·경상남도,"경상남도(양산, 김해), 부산, 울산",호우,주의보,발표,2023-07-07 15:10:00
2023-07-07 21:00:00,부산·울산·경상남도,부산,호우,주의보,해제,2023-07-07 21:00:00
2023-07-11 15:30:00,부산·울산·경상남도,부산,호우,주의보,발표,2023-07-11 15:30:00
2023-07-11 15:40:00,부산·울산·경상남도,부산,호우,경보,변경,2023-07-11 15:40:00
2023-07-11 17:30:00,부산·울산·경상남도,부산,호우,주의보,변경,2023-07-11 17:30:00
2023-07-11 21:00:00,부산·울산·경상남도,"경상남도(양산, 김해), 부산, 울산",호우,주의보,해제,2023-07-11 21:00:00
2023-07-12 02:00:00,부산·울산·경상남도,"경상남도(창원, 김해, 통영, 고성, 남해), 부산",호우,주의보,발표,2023-07-12 02:00:00
2023-07-12 11:00:00,부산·울산·경상남도,부산,호우,주의보,해제,2023-07-12 11:00:00
2023-07-14 01:00:00,부산·울산·경상남도,"경상남도(창원, 통영, 사천, 거제, 고성, 남해), 부산, 울산",호우,주의보,발표,2023-07-14 03:00:00
2023-07-14 02:00:00,부산·울산·경상남도,"경상남도(창원, 통영, 사천, 거제, 고성, 남해), 부산, 울산",강풍,주의보,발표,2023-07-14 02:00:00
2023-07-14 09:00:00,부산·울산·경상남도,"남해동부앞바다(부산앞바다, 경남서부남해앞바다, 거제시동부앞바다)",풍랑,주의보,발표,2023-07-14 09:00:00
2023-07-14 12:00:00,부산·울산·경상남도,"경상남도(양산, 김해, 밀양, 의령, 함안, 창녕, 진주), 부산, 울산",호우,주의보,해제,2023-07-14 12:00:00
2023-07-15 09:00:00,부산·울산·경상남도,"동해남부앞바다(울산앞바다), 남해동부앞바다(부산앞바다, 경남서부남해앞바다, 거제시동부앞바다)",풍랑,주의보,해제,2023-07-15 10:00:00
2023-07-15 12:00:00,부산·울산·경상남도,"경상남도(창원, 통영, 사천, 거제, 고성, 남해), 부산, 울산",강풍,주의보,해제,2023-07-15 14:00:00
2023-07-15 19:30:00,부산·울산·경상남도,"경상남도(양산, 창원, 김해, 밀양, 의령, 함안, 창녕, 진주, 통영, 사천, 거제, 고성, 남해), 부산, 울산",호우,주의보,발표,2023-07-15 19:30:00
2023-07-15 20:30:00,부산·울산·경상남도,"경상남도(통영, 거제), 부산",강풍,주의보,발표,2023-07-15 20:30:00
2023-07-15 21:50:00,부산·울산·경상남도,"경상남도(양산, 창원, 김해, 밀양, 함안, 진주, 통영, 사천, 거제, 고성, 남해), 부산, 울산",호우,경보,변경,2023-07-15 21:50:00
2023-07-16 13:00:00,부산·울산·경상남도,"경상남도(통영, 거제), 부산",강풍,주의보,해제,2023-07-16 13:00:00
2023-07-18 09:00:00,부산·울산·경상남도,"경상남도(창원, 통영, 사천, 거제, 고성, 남해), 부산",강풍,주의보,발표,2023-07-18 09:00:00
2023-07-19 00:00:00,부산·울산·경상남도,"부산, 울산",호우,경보,해제,2023-07-19 00:00:00
2023-07-19 00:00:00,부산·울산·경상남도,"부산, 울산",호우,경보,해제,2023-07-19 01:00:00
2023-07-19 00:00:00,부산·울산·경상남도,"경상남도(창원, 통영, 사천, 거제, 고성, 남해), 부산",강풍,주의보,해제,2023-07-19 02:00:00
2023-07-24 14:00:00,부산·울산·경상남도,"경상남도(창원), 부산",호우,주의보,발표,2023-07-24 14:00:00
2023-07-24 17:30:00,부산·울산·경상남도,"경상남도(양산, 창원, 김해, 밀양, 의령, 함안, 창녕, 진주, 하동, 통영, 사천, 거제, 고성, 남해), 부산, 울산",호우,주의보,해제,2023-07-24 17:30:00
2023-07-25 11:00:00,부산·울산·경상남도,"경상남도(양산, 창원, 김해, 밀양, 의령, 함안, 창녕, 진주, 함양, 합천, 남해), 부산, 울산",폭염,주의보,발표,2023-07-25 11:00:00
2023-07-25 11:00:00,부산·울산·경상남도,"경상남도(양산, 창원, 김해, 밀양, 의령, 함안, 창녕, 진주, 함양, 합천, 남해), 부산, 울산",폭염,주의보,발표,2023-07-26 11:00:00
2023-07-28 10:00:00,부산·울산·경상남도,"경상남도(진주, 하동), 부산",폭염,경보,변경,2023-07-28 10:00:00
2023-08-03 21:00:00,부산·울산·경상남도,"경상남도(통영, 사천, 거제, 고성), 부산",폭풍해일,주의보,발표,2023-08-03 21:00:00
2023-08-03 23:30:00,부산·울산·경상남도,"경상남도(통영, 사천, 거제, 고성), 부산",폭풍해일,주의보,해제,2023-08-03 23:30:00
2023-08-08 16:00:00,부산·울산·경상남도,"경상남도(하동, 거창 제외), 부산",폭염,주의보,변경,2023-08-08 16:00:00
2023-08-09 04:00:00,부산·울산·경상남도,"경상남도(하동, 거창 제외), 부산",폭염,주의보,해제,2023-08-09 04:00:00
2023-08-09 05:00:00,부산·울산·경상남도,"경상남도(통영, 거제, 남해), 부산, 울산",강풍,주의보,발표,2023-08-09 07:00:00
2023-08-09 12:00:00,부산·울산·경상남도,"경상남도, 부산, 울산",호우,주의보,발표,2023-08-09 14:00:00
2023-08-09 17:00:00,부산·울산·경상남도,"경상남도(창원, 김해, 함안, 진주, 하동, 사천, 고성), 부산",태풍,주의보,변경,2023-08-09 17:00:00
2023-08-09 23:00:00,부산·울산·경상남도,"경상남도(창원, 김해, 하동, 통영, 사천, 거제, 고성, 남해), 부산",태풍,경보,변경,2023-08-09 23:00:00
2023-08-09 23:00:00,부산·울산·경상남도,"경상남도(창원, 김해, 하동, 통영, 사천, 거제, 고성, 남해), 부산",태풍,경보,변경,2023-08-10 00:00:00
2023-08-10 16:30:00,부산·울산·경상남도,"경상남도(창원, 통영, 사천, 거제, 고성, 남해), 부산, 울산",강풍,주의보,변경,2023-08-10 16:30:00
2023-08-10 22:00:00,부산·울산·경상남도,"경상남도(창원, 통영, 사천, 거제, 고성, 남해), 부산, 울산",강풍,주의보,해제,2023-08-10 23:00:00
2023-08-11 16:00:00,부산·울산·경상남도,"경상남도(양산, 창원, 김해, 합천, 통영, 거제), 부산",폭염,주의보,발표,2023-08-11 16:00:00
2023-08-15 12:00:00,부산·울산·경상남도,남해동부앞바다(부산앞바다),풍랑,주의보,발표,2023-08-15 14:00:00
2023-08-15 12:00:00,부산·울산·경상남도,남해동부앞바다(부산앞바다),풍랑,주의보,발표,2023-08-15 15:00:00
2023-08-15 12:00:00,부산·울산·경상남도,남해동부앞바다(부산앞바다),풍랑,주의보,발표,2023-08-15 15:00:00
2023-08-15 19:20:00,부산·울산·경상남도,부산,폭풍해일,주의보,발표,2023-08-15 19:20:00
2023-08-15 21:50:00,부산·울산·경상남도,부산,폭풍해일,주의보,해제,2023-08-15 21:50:00
2023-08-16 04:00:00,부산·울산·경상남도,남해동부앞바다(부산앞바다),풍랑,주의보,해제,2023-08-16 05:00:00
2023-08-16 04:00:00,부산·울산·경상남도,남해동부앞바다(부산앞바다),풍랑,주의보,해제,2023-08-16 06:00:00
2023-08-16 19:30:00,부산·울산·경상남도,부산,폭풍해일,주의보,발표,2023-08-16 19:30:00
2023-08-16 23:00:00,부산·울산·경상남도,"경상남도(거제), 부산",폭풍해일,주의보,해제,2023-08-16 23:00:00
2023-08-17 20:10:00,부산·울산·경상남도,부산,폭풍해일,주의보,발표,2023-08-17 20:10:00
2023-08-17 22:30:00,부산·울산·경상남도,"경상남도(거제), 부산",폭풍해일,주의보,해제,2023-08-17 22:30:00
2023-08-18 20:30:00,부산·울산·경상남도,"경상남도(거제), 부산",폭풍해일,주의보,발표,2023-08-18 20:30:00
2023-08-18 23:30:00,부산·울산·경상남도,"경상남도(거제), 부산",폭풍해일,주의보,해제,2023-08-18 23:30:00
2023-08-19 02:20:00,부산·울산·경상남도,부산,호우,주의보,발표,2023-08-19 02:20:00
2023-08-19 06:00:00,부산·울산·경상남도,부산,호우,주의보,해제,2023-08-19 06:00:00
2023-08-21 10:00:00,부산·울산·경상남도,"경상남도(창원, 거제), 부산",폭염,경보,변경,2023-08-21 10:00:00
2023-08-23 16:00:00,부산·울산·경상남도,"경상남도(양산, 창원, 김해, 의령, 창녕, 진주, 하동, 함양, 합천, 거제), 부산",폭염,경보,해제,2023-08-23 20:00:00
2023-08-23 23:00:00,부산·울산·경상남도,"경상남도(하동, 함양), 부산",호우,주의보,발표,2023-08-23 23:00:00
2023-08-24 04:10:00,부산·울산·경상남도,부산,호우,경보,변경,2023-08-24 04:10:00
2023-08-24 09:30:00,부산·울산·경상남도,"경상남도(양산), 부산",호우,주의보,변경,2023-08-24 09:30:00
2023-08-25 01:00:00,부산·울산·경상남도,"경상남도(양산, 김해), 부산",호우,주의보,해제,2023-08-25 01:00:00
2023-08-25 10:00:00,부산·울산·경상남도,"경상남도(창원, 김해, 하동, 합천, 거제), 부산",폭염,주의보,발표,2023-08-25 10:00:00
2023-08-28 12:00:00,부산·울산·경상남도,"경상남도(창원, 김해, 하동, 합천, 거제), 부산",폭염,주의보,해제,2023-08-28 12:00:00
2023-08-30 19:30:00,부산·울산·경상남도,"경상남도(거제), 부산",폭풍해일,주의보,발표,2023-08-30 19:30:00
2023-08-30 22:30:00,부산·울산·경상남도,"경상남도(창원, 통영, 거제), 부산",폭풍해일,주의보,해제,2023-08-30 22:30:00
2023-08-31 02:05:00,부산·울산·경상남도,부산,호우,주의보,발표,2023-08-31 02:05:00
2023-08-31 03:30:00,부산·울산·경상남도,부산,호우,주의보,해제,2023-08-31 03:30:00
2023-08-31 08:35:00,부산·울산·경상남도,부산,폭풍해일,주의보,발표,2023-08-31 08:35:00
2023-08-31 09:30:00,부산·울산·경상남도,부산,폭풍해일,주의보,해제,2023-08-31 09:30:00
2023-08-31 20:20:00,부산·울산·경상남도,부산,폭풍해일,주의보,발표,2023-08-31 20:20:00
2023-08-31 22:00:00,부산·울산·경상남도,"경상남도(통영, 거제), 부산",호우,주의보,발표,2023-08-31 23:00:00
2023-08-31 22:30:00,부산·울산·경상남도,부산,폭풍해일,주의보,해제,2023-08-31 22:30:00
2023-09-01 06:00:00,부산·울산·경상남도,"경상남도(거제), 부산",호우,주의보,변경,2023-09-01 06:00:00
2023-09-01 07:00:00,부산·울산·경상남도,"경상남도(거제), 부산",호우,주의보,해제,2023-09-01 07:00:00
2023-09-01 09:00:00,부산·울산·경상남도,부산,폭풍해일,주의보,발표,2023-09-01 09:00:00
2023-09-01 10:00:00,부산·울산·경상남도,부산,폭풍해일,주의보,해제,2023-09-01 10:00:00
2023-09-01 18:20:00,부산·울산·경상남도,부산,호우,주의보,발표,2023-09-01 18:20:00
2023-09-01 19:00:00,부산·울산·경상남도,부산,호우,경보,변경,2023-09-01 19:00:00
2023-09-01 20:30:00,부산·울산·경상남도,"경상남도(창원, 하동, 통영, 사천, 거제, 고성, 남해), 부산",폭풍해일,주의보,발표,2023-09-01 20:30:00
2023-09-01 21:00:00,부산·울산·경상남도,"경상남도(통영, 거제), 부산",호우,경보,해제,2023-09-01 21:00:00
2023-09-01 23:30:00,부산·울산·경상남도,"경상남도(창원, 하동, 통영, 사천, 거제, 고성, 남해), 부산",폭풍해일,주의보,해제,2023-09-01 23:30:00
2023-09-02 21:40:00,부산·울산·경상남도,부산,폭풍해일,주의보,발표,2023-09-02 21:40:00
2023-09-02 23:00:00,부산·울산·경상남도,부산,폭풍해일,주의보,해제,2023-09-02 23:00:00
2023-09-04 16:00:00,부산·울산·경상남도,"경상남도(의령, 창녕, 고성), 부산",폭염,주의보,발표,2023-09-04 16:00:00
2023-09-05 10:00:00,부산·울산·경상남도,"경상남도(거제), 부산, 울산",강풍,주의보,발표,2023-09-05 12:00:00
2023-09-05 10:00:00,부산·울산·경상남도,"동해남부앞바다(울산앞바다), 남해동부앞바다(부산앞바다, 거제시동부앞바다)",풍랑,주의보,발표,2023-09-05 12:00:00
2023-09-05 16:00:00,부산·울산·경상남도,"경상남도(양산, 창원, 김해, 밀양, 의령, 창녕, 진주, 하동, 합천, 거제, 고성), 부산",폭염,주의보,해제,2023-09-05 16:00:00
2023-09-07 18:00:00,부산·울산·경상남도,"경상남도(거제), 부산, 울산",강풍,주의보,해제,2023-09-07 20:00:00
2023-09-07 21:00:00,부산·울산·경상남도,"동해남부앞바다(울산앞바다), 남해동부앞바다(부산앞바다, 거제시동부앞바다)",풍랑,주의보,해제,2023-09-07 22:00:00
2023-09-16 10:50:00,부산·울산·경상남도,"경상남도(거제), 부산, 울산",호우,주의보,발표,2023-09-16 10:50:00
2023-09-16 11:10:00,부산·울산·경상남도,부산,호우,경보,변경,2023-09-16 11:10:00
2023-09-16 20:00:00,부산·울산·경상남도,"경상남도(창원), 부산",호우,경보,해제,2023-09-16 20:00:00
2023-09-17 04:50:00,부산·울산·경상남도,"경상남도(양산, 김해, 통영, 거제), 부산",호우,주의보,발표,2023-09-17 04:50:00
2023-09-17 05:45:00,부산·울산·경상남도,"경상남도(양산), 부산",호우,경보,변경,2023-09-17 05:45:00
2023-09-17 09:00:00,부산·울산·경상남도,"부산, 울산",호우,경보,해제,2023-09-17 10:00:00
2023-09-20 16:30:00,부산·울산·경상남도,"경상남도(양산, 창원, 김해, 고성), 부산, 울산",호우,주의보,발표,2023-09-20 16:30:00
2023-09-20 17:00:00,부산·울산·경상남도,"경상남도(창원, 통영, 사천, 거제, 고성, 남해), 부산, 울산",강풍,주의보,발표,2023-09-20 18:00:00
2023-09-20 19:40:00,부산·울산·경상남도,부산,호우,경보,변경,2023-09-20 19:40:00
2023-09-20 21:00:00,부산·울산·경상남도,"남해동부앞바다(부산앞바다, 경남서부남해앞바다, 거제시동부앞바다)",풍랑,주의보,발표,2023-09-20 22:00:00
2023-09-20 21:00:00,부산·울산·경상남도,"남해동부앞바다(부산앞바다, 경남서부남해앞바다, 거제시동부앞바다)",풍랑,주의보,발표,2023-09-20 22:00:00
2023-09-21 03:00:00,부산·울산·경상남도,"경상남도(양산), 부산",호우,경보,해제,2023-09-21 03:00:00
2023-09-21 08:50:00,부산·울산·경상남도,부산앞바다( 서부평수구역 ),풍랑,주의보,해제,2023-09-21 08:50:00
2023-09-21 14:00:00,부산·울산·경상남도,"부산, 울산",강풍,주의보,해제,2023-09-21 14:00:00
2023-09-21 22:00:00,부산·울산·경상남도,"동해남부앞바다(울산앞바다), 남해동부앞바다(부산앞바다, 거제시동부앞바다)",풍랑,주의보,해제,2023-09-22 00:00:00
2023-09-23 20:00:00,부산·울산·경상남도,"동해남부앞바다(울산앞바다), 남해동부앞바다(부산앞바다, 거제시동부앞바다)",풍랑,주의보,발표,2023-09-23 22:00:00
2023-09-23 20:00:00,부산·울산·경상남도,"동해남부앞바다(울산앞바다), 남해동부앞바다(부산앞바다, 거제시동부앞바다)",풍랑,주의보,발표,2023-09-23 23:00:00
2023-09-24 16:00:00,부산·울산·경상남도,"남해동부앞바다(부산앞바다, 거제시동부앞바다)",풍랑,주의보,해제,2023-09-24 18:00:00
2023-09-30 20:40:00,부산·울산·경상남도,부산,폭풍해일,주의보,발표,2023-09-30 20:40:00
2023-09-30 22:20:00,부산·울산·경상남도,"경상남도(거제), 부산",폭풍해일,주의보,해제,2023-09-30 22:20:00
2023-10-08 06:00:00,부산·울산·경상남도,남해동부앞바다(부산앞바다),풍랑,주의보,발표,2023-10-08 06:00:00
2023-10-08 14:00:00,부산·울산·경상남도,남해동부앞바다(부산앞바다),풍랑,주의보,해제,2023-10-08 15:00:00
2023-11-06 00:00:00,부산·울산·경상남도,"동해남부앞바다(울산앞바다), 남해동부앞바다(부산앞바다, 경남서부남해앞바다, 거제시동부앞바다), 남해동부안쪽먼바다",풍랑,주의보,발표,2023-11-06 02:00:00
2023-11-06 00:00:00,부산·울산·경상남도,"동해남부앞바다(울산앞바다), 남해동부앞바다(부산앞바다, 경남서부남해앞바다, 거제시동부앞바다), 남해동부안쪽먼바다",풍랑,주의보,발표,2023-11-06 02:00:00
2023-11-06 00:00:00,부산·울산·경상남도,"동해남부앞바다(울산앞바다), 남해동부앞바다(부산앞바다, 경남서부남해앞바다, 거제시동부앞바다), 남해동부안쪽먼바다",풍랑,주의보,발표,2023-11-06 02:00:00
2023-11-06 01:30:00,부산·울산·경상남도,"경상남도(김해, 하동, 산청, 통영, 사천, 거제, 고성, 남해), 부산, 울산",강풍,주의보,발표,2023-11-06 01:30:00
2023-11-07 06:00:00,부산·울산·경상남도,"동해남부앞바다(울산앞바다), 남해동부앞바다(부산앞바다, 경남서부남해앞바다, 거제시동부앞바다)",풍랑,주의보,해제,2023-11-07 07:00:00
2023-11-07 09:00:00,부산·울산·경상남도,"경상남도(통영, 사천, 거제, 고성, 남해), 부산, 울산",강풍,주의보,해제,2023-11-07 10:00:00
2023-11-12 09:00:00,부산·울산·경상남도,"부산, 울산",건조,주의보,발표,2023-11-12 09:00:00
2023-11-16 11:00:00,부산·울산·경상남도,"부산, 울산",건조,주의보,해제,2023-11-16 11:00:00
2023-11-18 02:00:00,부산·울산·경상남도,"경상남도(창원, 김해, 산청, 통영, 거제, 고성, 남해), 부산, 울산",강풍,주의보,발표,2023-11-18 02:00:00
2023-11-18 22:00:00,부산·울산·경상남도,"경상남도(창원, 김해, 통영, 거제, 고성, 남해), 부산, 울산",강풍,주의보,해제,2023-11-18 23:00:00
2023-11-23 16:00:00,부산·울산·경상남도,"부산, 울산",한파,주의보,발표,2023-11-23 21:00:00
2023-11-24 11:00:00,부산·울산·경상남도,"부산, 울산",한파,주의보,해제,2023-11-24 11:00:00
2023-11-24 11:00:00,부산·울산·경상남도,"부산, 울산",건조,주의보,발표,2023-11-24 11:00:00
2023-12-08 16:00:00,부산·울산·경상남도,"부산, 울산",건조,주의보,해제,2023-12-08 18:00:00
2023-12-11 10:00:00,부산·울산·경상남도,"남해동부앞바다(부산앞바다, 경남중부남해앞바다, 거제시동부앞바다)",풍랑,주의보,발표,2023-12-11 11:00:00
2023-12-11 10:00:00,부산·울산·경상남도,"남해동부앞바다(부산앞바다, 경남중부남해앞바다, 거제시동부앞바다)",풍랑,주의보,발표,2023-12-11 11:00:00
2023-12-11 10:00:00,부산·울산·경상남도,"남해동부앞바다(부산앞바다, 경남중부남해앞바다, 거제시동부앞바다)",풍랑,주의보,발표,2023-12-11 11:00:00
2023-12-11 11:00:00,부산·울산·경상남도,"경상남도(거제), 부산, 울산",강풍,주의보,발표,2023-12-11 11:00:00
2023-12-11 11:00:00,부산·울산·경상남도,"경상남도(거제), 부산, 울산",강풍,주의보,발표,2023-12-11 12:00:00
2023-12-12 13:00:00,부산·울산·경상남도,"경상남도(거제), 부산, 울산",강풍,주의보,해제,2023-12-12 15:00:00
2023-12-12 13:10:00,부산·울산·경상남도,부산앞바다( 서부평수구역 ),풍랑,주의보,해제,2023-12-12 13:10:00
2023-12-12 21:00:00,부산·울산·경상남도,"남해동부앞바다(부산앞바다, 거제시동부앞바다)",풍랑,주의보,해제,2023-12-12 22:00:00
2023-12-15 15:00:00,부산·울산·경상남도,"경상남도(산청, 통영, 거제, 남해), 부산, 울산",강풍,주의보,발표,2023-12-15 16:00:00
2023-12-15 15:00:00,부산·울산·경상남도,"동해남부앞바다(울산앞바다), 남해동부앞바다(부산앞바다)",풍랑,주의보,발표,2023-12-15 16:00:00
2023-12-15 15:00:00,부산·울산·경상남도,"동해남부앞바다(울산앞바다), 남해동부앞바다(부산앞바다)",풍랑,주의보,발표,2023-12-15 18:00:00
2023-12-16 10:00:00,부산·울산·경상남도,"경상남도(김해, 함안, 하동, 함양, 통영, 고성), 부산, 울산",한파,주의보,발표,2023-12-16 21:00:00
2023-12-17 05:00:00,부산·울산·경상남도,"경상남도(의령, 산청, 통영, 거제, 남해), 부산, 울산",강풍,주의보,해제,2023-12-17 05:00:00
2023-12-17 05:00:00,부산·울산·경상남도,"동해남부앞바다(울산앞바다), 남해동부앞바다(부산앞바다, 경남서부남해앞바다, 거제시동부앞바다)",풍랑,주의보,해제,2023-12-17 07:00:00
2023-12-17 10:00:00,부산·울산·경상남도,"경상남도(김해, 함안, 하동, 함양, 통영, 고성), 부산, 울산",한파,주의보,해제,2023-12-17 10:00:00
2023-12-18 10:00:00,부산·울산·경상남도,"경상남도(양산, 창원, 김해, 밀양), 부산, 울산",건조,주의보,발표,2023-12-18 10:00:00
2023-12-28 16:00:00,부산·울산·경상남도,"부산, 울산",건조,주의보,해제,2023-12-28 16:00:00
2024-01-07 10:00:00,부산·울산·경상남도,"경상남도(창원), 부산, 울산",건조,주의보,발표,2024-01-07 10:00:00
2024-01-09 16:00:00,부산·울산·경상남도,"경상남도(창원), 부산, 울산",건조,주의보,해제,2024-01-09 16:00:00
2024-01-10 11:00:00,부산·울산·경상남도,"동해남부앞바다(울산앞바다), 동해남부남쪽안쪽먼바다, 동해남부남쪽바깥먼바다, 남해동부앞바다(부산앞바다), 남해동부안쪽먼바다",풍랑,주의보,발표,2024-01-10 14:00:00
2024-01-10 18:00:00,부산·울산·경상남도,"동해남부앞바다(울산앞바다), 남해동부앞바다(부산앞바다)",풍랑,주의보,해제,2024-01-10 20:00:00
2024-01-15 10:00:00,부산·울산·경상남도,"경상남도(창원), 부산, 울산",건조,주의보,발표,2024-01-15 10:00:00
2024-01-17 14:00:00,부산·울산·경상남도,"경상남도(창원), 부산, 울산",건조,주의보,해제,2024-01-17 14:00:00
2024-01-18 18:00:00,부산·울산·경상남도,"남해동부앞바다(부산앞바다, 경남서부남해앞바다, 거제시동부앞바다)",풍랑,주의보,발표,2024-01-18 21:00:00
2024-01-18 18:00:00,부산·울산·경상남도,"남해동부앞바다(부산앞바다, 경남서부남해앞바다, 거제시동부앞바다)",풍랑,주의보,발표,2024-01-18 21:00:00
2024-01-20 01:00:00,부산·울산·경상남도,"경상남도(통영, 거제), 부산, 울산",강풍,주의보,발표,2024-01-20 01:00:00
2024-01-21 03:00:00,부산·울산·경상남도,"경상남도(통영, 거제), 부산",강풍,주의보,해제,2024-01-21 04:00:00
2024-01-21 10:10:00,부산·울산·경상남도,부산앞바다( 서부평수구역 ),풍랑,주의보,해제,2024-01-21 11:00:00
2024-01-21 13:40:00,부산·울산·경상남도,부산앞바다( 동부평수구역 ),풍랑,주의보,해제,2024-01-21 14:40:00
2024-01-21 15:30:00,부산·울산·경상남도,남해동부앞바다(부산앞바다),풍랑,주의보,해제,2024-01-21 16:30:00
2024-01-22 10:00:00,부산·울산·경상남도,"경상남도(양산, 합천), 부산",한파,주의보,발표,2024-01-22 10:00:00
2024-01-22 11:00:00,부산·울산·경상남도,"경상남도(산청, 통영, 거제, 남해), 부산, 울산",강풍,주의보,발표,2024-01-22 12:00:00
2024-01-23 07:10:00,부산·울산·경상남도,"울산앞바다( 연안바다 ), 부산앞바다( 동부평수구역 , 서부평수구역 , 연안바다 ), 경남서부남해앞바다( 동부평수구역 , 서부평수구역 , 남부평수구역 , 남해군연안바다 ), 경남중부남해앞바다( 평수구역 , 연안바다 ), 거제시동부앞바다( 연안바다 )",풍랑,주의보,해제,2024-01-23 07:10:00
2024-01-23 10:00:00,부산·울산·경상남도,"경상남도(양산, 합천), 부산",한파,주의보,해제,2024-01-23 10:00:00
2024-01-23 16:10:00,부산·울산·경상남도,"부산앞바다( 동부평수구역 , 서부평수구역 , 연안바다 ), 경남서부남해앞바다( 동부평수구역 , 서부평수구역 , 남해군연안바다 ), 경남중부남해앞바다( 연안바다 ), 거제시동부앞바다( 연안바다 )",풍랑,주의보,발표,2024-01-23 17:00:00
2024-01-23 16:10:00,부산·울산·경상남도,"부산앞바다( 동부평수구역 , 서부평수구역 , 연안바다 ), 경남서부남해앞바다( 동부평수구역 , 서부평수구역 , 남해군연안바다 ), 경남중부남해앞바다( 연안바다 ), 거제시동부앞바다( 연안바다 )",풍랑,주의보,발표,2024-01-23 17:00:00
2024-01-24 08:40:00,부산·울산·경상남도,"울산앞바다( 평수구역 , 연안바다 ), 부산앞바다( 동부평수구역 , 서부평수구역 , 연안바다 ), 경남서부남해앞바다( 남부평수구역 ), 경남중부남해앞바다( 연안바다 ), 거제시동부앞바다( 연안바다 )",풍랑,주의보,해제,2024-01-24 08:40:00
2024-01-24 13:00:00,부산·울산·경상남도,"경상남도(산청, 통영, 거제), 부산, 울산",강풍,주의보,해제,2024-01-24 13:00:00
2024-01-25 04:00:00,부산·울산·경상남도,"남해동부앞바다(부산앞바다, 경남서부남해앞바다, 거제시동부앞바다)",풍랑,주의보,해제,2024-01-25 06:00:00
2024-01-25 10:00:00,부산·울산·경상남도,"경상남도(양산, 창원, 김해, 밀양), 부산, 울산",건조,주의보,발표,2024-01-25 10:00:00
2024-01-30 10:00:00,부산·울산·경상남도,"경상남도(양산, 창원, 김해, 밀양), 부산, 울산",건조,주의보,해제,2024-01-30 10:00:00
2024-02-01 14:00:00,부산·울산·경상남도,"동해남부앞바다(울산앞바다), 남해동부앞바다(부산앞바다, 거제시동부앞바다)",풍랑,주의보,발표,2024-02-01 16:00:00
2024-02-01 14:00:00,부산·울산·경상남도,"동해남부앞바다(울산앞바다), 남해동부앞바다(부산앞바다, 거제시동부앞바다)",풍랑,주의보,발표,2024-02-01 16:00:00
2024-02-01 14:00:00,부산·울산·경상남도,"동해남부앞바다(울산앞바다), 남해동부앞바다(부산앞바다, 거제시동부앞바다)",풍랑,주의보,발표,2024-02-01 16:00:00
2024-02-02 06:30:00,부산·울산·경상남도,부산앞바다( 서부평수구역 ),풍랑,주의보,해제,2024-02-02 06:30:00
2024-02-02 09:00:00,부산·울산·경상남도,"동해남부앞바다(울산앞바다), 남해동부앞바다(부산앞바다, 거제시동부앞바다)",풍랑,주의보,해제,2024-02-02 11:00:00
2024-02-05 00:00:00,부산·울산·경상남도,"부산, 울산",강풍,주의보,발표,2024-02-05 02:00:00
2024-02-05 00:00:00,부산·울산·경상남도,"동해남부앞바다(울산앞바다), 남해동부앞바다(부산앞바다)",풍랑,주의보,발표,2024-02-05 02:00:00
2024-02-05 09:00:00,부산·울산·경상남도,"동해남부앞바다(울산앞바다), 남해동부앞바다(부산앞바다, 거제시동부앞바다)",풍랑,경보,변경,2024-02-05 10:00:00
2024-02-05 09:00:00,부산·울산·경상남도,"동해남부앞바다(울산앞바다), 남해동부앞바다(부산앞바다, 거제시동부앞바다)",풍랑,경보,변경,2024-02-05 10:00:00
2024-02-05 09:00:00,부산·울산·경상남도,"동해남부앞바다(울산앞바다), 남해동부앞바다(부산앞바다, 거제시동부앞바다)",풍랑,경보,변경,2024-02-05 10:00:00
2024-02-05 20:00:00,부산·울산·경상남도,"경상남도(거제), 부산, 울산",강풍,주의보,해제,2024-02-05 20:00:00
2024-02-05 20:00:00,부산·울산·경상남도,"동해남부앞바다(울산앞바다), 남해동부앞바다(부산앞바다, 거제시동부앞바다)",풍랑,주의보,변경,2024-02-05 20:00:00
2024-02-06 04:00:00,부산·울산·경상남도,"동해남부앞바다(울산앞바다), 남해동부앞바다(부산앞바다, 거제시동부앞바다)",풍랑,주의보,해제,2024-02-06 06:00:00
2024-02-15 18:00:00,부산·울산·경상남도,남해동부앞바다(부산앞바다),풍랑,주의보,발표,2024-02-15 20:00:00
2024-02-15 18:00:00,부산·울산·경상남도,남해동부앞바다(부산앞바다),풍랑,주의보,발표,2024-02-15 21:00:00
2024-02-16 10:00:00,부산·울산·경상남도,"동해남부앞바다(울산앞바다), 남해동부앞바다(부산앞바다)",풍랑,주의보,해제,2024-02-16 11:00:00
2024-02-18 22:00:00,부산·울산·경상남도,"남해동부앞바다(부산앞바다, 경남서부남해앞바다, 거제시동부앞바다)",풍랑,주의보,발표,2024-02-19 00:00:00
2024-02-18 22:00:00,부산·울산·경상남도,"남해동부앞바다(부산앞바다, 경남서부남해앞바다, 거제시동부앞바다)",풍랑,주의보,발표,2024-02-19 00:00:00
2024-02-19 03:00:00,부산·울산·경상남도,"부산, 울산",강풍,주의보,발표,2024-02-19 03:00:00
2024-02-19 05:30:00,부산·울산·경상남도,"경상남도(거제), 부산",호우,주의보,발표,2024-02-19 05:30:00
2024-02-19 08:40:00,부산·울산·경상남도,"경상남도(창원, 김해, 거제), 부산",호우,주의보,해제,2024-02-19 08:40:00
2024-02-19 09:30:00,부산·울산·경상남도,"경상남도(통영, 거제, 남해), 부산, 울산",강풍,주의보,해제,2024-02-19 09:30:00
2024-02-19 13:40:00,부산·울산·경상남도,"울산앞바다( 평수구역 , 연안바다 ), 부산앞바다( 동부평수구역 , 서부평수구역 , 연안바다 ), 경남서부남해앞바다( 동부평수구역 , 서부평수구역 , 남부평수구역 , 남해군연안바다 ), 거제시동부앞바다( 연안바다 )",풍랑,주의보,해제,2024-02-19 13:40:00
2024-02-19 14:00:00,부산·울산·경상남도,"동해남부앞바다(울산앞바다), 남해동부앞바다(부산앞바다, 경남서부남해앞바다, 거제시동부앞바다)",풍랑,주의보,해제,2024-02-19 16:00:00
2024-02-20 10:00:00,부산·울산·경상남도,"경상남도(거제), 부산, 울산",강풍,주의보,발표,2024-02-20 10:00:00
2024-02-20 10:00:00,부산·울산·경상남도,"동해남부앞바다(울산앞바다), 남해동부앞바다(부산앞바다, 거제시동부앞바다)",풍랑,주의보,발표,2024-02-20 11:00:00
2024-02-22 20:00:00,부산·울산·경상남도,"경상남도(통영, 거제, 남해), 부산, 울산",강풍,주의보,해제,2024-02-22 20:00:00
2024-02-23 07:20:00,부산·울산·경상남도,부산앞바다( 서부평수구역 ),풍랑,주의보,해제,2024-02-23 07:20:00
2024-02-23 17:50:00,부산·울산·경상남도,부산앞바다( 서부평수구역 ),풍랑,주의보,해제,2024-02-23 17:50:00
2024-02-24 10:00:00,부산·울산·경상남도,"동해남부앞바다(울산앞바다), 남해동부앞바다(부산앞바다, 거제시동부앞바다)",풍랑,주의보,해제,2024-02-24 12:00:00
2024-02-27 00:00:00,부산·울산·경상남도,"동해남부앞바다(울산앞바다), 남해동부앞바다(부산앞바다, 거제시동부앞바다)",풍랑,주의보,발표,2024-02-27 02:00:00
2024-02-27 11:30:00,부산·울산·경상남도,"동해남부앞바다(울산앞바다), 남해동부앞바다(부산앞바다, 거제시동부앞바다)",풍랑,주의보,해제,2024-02-27 14:00:00
2024-03-01 05:00:00,부산·울산·경상남도,"경상남도(산청, 거제), 부산, 울산",강풍,주의보,발표,2024-03-01 05:00:00
2024-03-01 22:00:00,부산·울산·경상남도,"경상남도(산청, 거제), 부산, 울산",강풍,주의보,해제,2024-03-01 22:00:00
2024-03-05 09:00:00,부산·울산·경상남도,"경상남도(통영, 거제, 남해), 부산, 울산",강풍,주의보,발표,2024-03-05 11:00:00
2024-03-05 09:00:00,부산·울산·경상남도,"동해남부앞바다(울산앞바다), 남해동부앞바다(부산앞바다, 경남중부남해앞바다, 거제시동부앞바다)",풍랑,주의보,발표,2024-03-05 11:00:00
2024-03-05 09:00:00,부산·울산·경상남도,"동해남부앞바다(울산앞바다), 남해동부앞바다(부산앞바다, 경남중부남해앞바다, 거제시동부앞바다)",풍랑,주의보,발표,2024-03-05 11:00:00
2024-03-06 15:00:00,부산·울산·경상남도,부산앞바다( 서부평수구역 ),풍랑,주의보,해제,2024-03-06 15:00:00
2024-03-06 22:20:00,부산·울산·경상남도,부산앞바다( 서부평수구역 ),풍랑,주의보,해제,2024-03-06 22:20:00
2024-03-07 06:00:00,부산·울산·경상남도,"경상남도(거제), 부산, 울산",강풍,주의보,해제,2024-03-07 06:00:00
2024-03-07 06:00:00,부산·울산·경상남도,남해동부앞바다(부산앞바다),풍랑,주의보,해제,2024-03-07 07:00:00
2024-03-07 06:00:00,부산·울산·경상남도,남해동부앞바다(부산앞바다),풍랑,주의보,해제,2024-03-07 08:00:00
2024-03-16 10:00:00,부산·울산·경상남도,"경상남도(창원, 밀양, 산청, 합천), 부산",건조,주의보,발표,2024-03-16 10:00:00
2024-03-19 15:00:00,부산·울산·경상남도,"경상남도(거제), 부산, 울산",강풍,주의보,발표,2024-03-19 15:00:00
2024-03-19 16:00:00,부산·울산·경상남도,"남해동부앞바다(부산앞바다, 경남서부남해앞바다, 거제시동부앞바다)",풍랑,주의보,발표,2024-03-19 18:00:00
2024-03-19 16:00:00,부산·울산·경상남도,"남해동부앞바다(부산앞바다, 경남서부남해앞바다, 거제시동부앞바다)",풍랑,주의보,발표,2024-03-19 18:00:00
2024-03-19 16:00:00,부산·울산·경상남도,"남해동부앞바다(부산앞바다, 경남서부남해앞바다, 거제시동부앞바다)",풍랑,주의보,발표,2024-03-19 18:00:00
2024-03-19 21:10:00,부산·울산·경상남도,"부산앞바다( 동부평수구역 , 서부평수구역 , 연안바다 ), 경남서부남해앞바다( 동부평수구역 , 서부평수구역 , 남해군연안바다 ), 거제시동부앞바다( 연안바다 )",풍랑,주의보,발표,2024-03-19 22:00:00
2024-03-19 21:10:00,부산·울산·경상남도,"부산앞바다( 동부평수구역 , 서부평수구역 , 연안바다 ), 경남서부남해앞바다( 동부평수구역 , 서부평수구역 , 남해군연안바다 ), 거제시동부앞바다( 연안바다 )",풍랑,주의보,발표,2024-03-19 22:00:00
2024-03-20 07:10:00,부산·울산·경상남도,"울산앞바다( 평수구역 , 연안바다 ), 부산앞바다( 동부평수구역 , 서부평수구역 , 연안바다 ), 경남서부남해앞바다( 동부평수구역 , 서부평수구역 , 남해군연안바다 ), 거제시동부앞바다( 연안바다 )",풍랑,주의보,해제,2024-03-20 08:00:00
2024-03-20 14:00:00,부산·울산·경상남도,"경상남도(산청, 거제), 부산, 울산",강풍,주의보,해제,2024-03-20 14:00:00
2024-03-20 16:00:00,부산·울산·경상남도,남해동부앞바다(부산앞바다),풍랑,주의보,해제,2024-03-20 18:00:00
2024-03-22 16:00:00,부산·울산·경상남도,"경상남도(양산, 창원, 김해, 밀양, 의령, 창녕, 산청, 함양, 합천, 사천, 거제, 남해), 부산, 울산",건조,주의보,해제,2024-03-22 16:00:00
2024-03-22 16:00:00,부산·울산·경상남도,"경상남도(통영, 거제, 남해), 부산, 울산",강풍,주의보,발표,2024-03-22 18:00:00
2024-03-22 16:00:00,부산·울산·경상남도,"남해동부앞바다(부산앞바다, 경남서부남해앞바다, 거제시동부앞바다)",풍랑,주의보,발표,2024-03-22 18:00:00
2024-03-22 16:00:00,부산·울산·경상남도,"남해동부앞바다(부산앞바다, 경남서부남해앞바다, 거제시동부앞바다)",풍랑,주의보,발표,2024-03-22 18:00:00
2024-03-23 09:00:00,부산·울산·경상남도,"경상남도(거제), 부산, 울산",강풍,주의보,해제,2024-03-23 09:00:00
2024-03-23 09:00:00,부산·울산·경상남도,"동해남부앞바다(울산앞바다), 남해동부앞바다(부산앞바다, 거제시동부앞바다)",풍랑,주의보,해제,2024-03-23 10:00:00
2024-03-25 13:00:00,부산·울산·경상남도,"경상남도(거제), 부산, 울산",강풍,주의보,발표,2024-03-25 14:00:00
2024-03-25 13:00:00,부산·울산·경상남도,"동해남부앞바다(울산앞바다), 남해동부앞바다(부산앞바다, 거제시동부앞바다)",풍랑,주의보,발표,2024-03-25 14:00:00
2024-03-26 13:20:00,부산·울산·경상남도,부산앞바다( 서부평수구역 ),풍랑,주의보,해제,2024-03-26 13:20:00
2024-03-26 14:00:00,부산·울산·경상남도,"경상남도(거제), 부산, 울산",강풍,주의보,해제,2024-03-26 14:00:00
2024-03-27 00:00:00,부산·울산·경상남도,"남해동부앞바다(부산앞바다, 거제시동부앞바다)",풍랑,주의보,해제,2024-03-27 01:00:00
2024-03-27 00:00:00,부산·울산·경상남도,"남해동부앞바다(부산앞바다, 거제시동부앞바다)",풍랑,주의보,해제,2024-03-27 02:00:00
2024-03-28 11:00:00,부산·울산·경상남도,"경상남도(거제), 부산, 울산",강풍,주의보,발표,2024-03-28 11:00:00
2024-03-28 11:00:00,부산·울산·경상남도,"동해남부앞바다(울산앞바다), 남해동부앞바다(부산앞바다, 거제시동부앞바다)",풍랑,주의보,발표,2024-03-28 13:00:00
2024-03-28 11:00:00,부산·울산·경상남도,"동해남부앞바다(울산앞바다), 남해동부앞바다(부산앞바다, 거제시동부앞바다)",풍랑,주의보,발표,2024-03-28 13:00:00
2024-03-28 11:00:00,부산·울산·경상남도,"동해남부앞바다(울산앞바다), 남해동부앞바다(부산앞바다, 거제시동부앞바다)",풍랑,주의보,발표,2024-03-28 13:00:00
2024-03-28 16:00:00,부산·울산·경상남도,"경상남도(거제), 부산",호우,주의보,발표,2024-03-28 16:00:00
2024-03-28 20:00:00,부산·울산·경상남도,"경상남도(거제), 부산",호우,주의보,해제,2024-03-28 20:00:00
2024-03-28 21:00:00,부산·울산·경상남도,"경상남도(거제), 부산, 울산",강풍,주의보,해제,2024-03-28 21:00:00
2024-03-29 00:00:00,부산·울산·경상남도,"동해남부앞바다(울산앞바다), 남해동부앞바다(부산앞바다, 경남서부남해앞바다, 거제시동부앞바다)",풍랑,주의보,해제,2024-03-29 01:00:00
2024-03-29 12:00:00,부산·울산·경상남도,"경상남도(거제), 부산, 울산",강풍,주의보,발표,2024-03-29 13:00:00
2024-03-29 12:00:00,부산·울산·경상남도,"동해남부앞바다(울산앞바다), 남해동부앞바다(부산앞바다, 거제시동부앞바다)",풍랑,주의보,발표,2024-03-29 14:00:00
2024-03-29 14:50:00,부산·울산·경상남도,부산앞바다( 동부평수구역 ),풍랑,주의보,발표,2024-03-29 14:50:00
2024-03-29 15:50:00,부산·울산·경상남도,"부산앞바다( 서부평수구역 , 연안바다 )",풍랑,주의보,발표,2024-03-29 15:50:00
2024-03-29 21:00:00,부산·울산·경상남도,"경상남도(거제), 부산, 울산",강풍,주의보,해제,2024-03-29 21:00:00
2024-03-29 21:00:00,부산·울산·경상남도,"동해남부앞바다(울산앞바다), 남해동부앞바다(부산앞바다, 거제시동부앞바다)",풍랑,주의보,해제,2024-03-29 22:00:00
2024-03-29 21:00:00,부산·울산·경상남도,"동해남부앞바다(울산앞바다), 남해동부앞바다(부산앞바다, 거제시동부앞바다)",풍랑,주의보,해제,2024-03-29 23:00:00
2024-04-03 16:00:00,부산·울산·경상남도,"남해동부앞바다(부산앞바다, 거제시동부앞바다)",풍랑,주의보,발표,2024-04-03 18:00:00
2024-04-03 18:10:00,부산·울산·경상남도,부산앞바다( 서부평수구역 ),풍랑,주의보,해제,2024-04-03 18:10:00
2024-04-04 09:10:00,부산·울산·경상남도,"울산앞바다( 평수구역 , 연안바다 ), 부산앞바다( 동부평수구역 , 연안바다 )",풍랑,주의보,해제,2024-04-04 09:10:00
2024-04-04 16:00:00,부산·울산·경상남도,"동해남부앞바다(울산앞바다), 남해동부앞바다(부산앞바다, 거제시동부앞바다)",풍랑,주의보,해제,2024-04-04 19:00:00
2024-04-09 02:00:00,부산·울산·경상남도,"경상남도(거제), 부산, 울산",강풍,주의보,발표,2024-04-09 04:00:00
2024-04-09 02:00:00,부산·울산·경상남도,"동해남부앞바다(울산앞바다), 남해동부앞바다(부산앞바다, 거제시동부앞바다), 남해동부안쪽먼바다",풍랑,주의보,발표,2024-04-09 04:00:00
2024-04-09 02:00:00,부산·울산·경상남도,"동해남부앞바다(울산앞바다), 남해동부앞바다(부산앞바다, 거제시동부앞바다), 남해동부안쪽먼바다",풍랑,주의보,발표,2024-04-09 04:00:00
2024-04-09 22:00:00,부산·울산·경상남도,"부산, 울산",강풍,주의보,해제,2024-04-09 22:00:00
2024-04-09 22:00:00,부산·울산·경상남도,"부산, 울산",강풍,주의보,해제,2024-04-10 00:00:00
2024-04-10 00:00:00,부산·울산·경상남도,"동해남부앞바다(울산앞바다), 남해동부앞바다(부산앞바다, 거제시동부앞바다)",풍랑,주의보,해제,2024-04-10 02:00:00
2024-04-15 09:00:00,부산·울산·경상남도,"경상남도(통영, 거제, 고성, 남해), 부산",강풍,주의보,발표,2024-04-15 10:00:00
2024-04-15 09:00:00,부산·울산·경상남도,"남해동부앞바다(부산앞바다, 경남서부남해앞바다, 거제시동부앞바다)",풍랑,주의보,발표,2024-04-15 11:00:00
2024-04-15 18:00:00,부산·울산·경상남도,"경상남도(통영, 거제, 고성, 남해), 부산",강풍,주의보,해제,2024-04-15 18:00:00
2024-04-15 21:00:00,부산·울산·경상남도,"동해남부앞바다(울산앞바다), 남해동부앞바다(부산앞바다, 경남서부남해앞바다, 거제시동부앞바다)",풍랑,주의보,해제,2024-04-15 22:00:00
2024-04-15 21:00:00,부산·울산·경상남도,"동해남부앞바다(울산앞바다), 남해동부앞바다(부산앞바다, 경남서부남해앞바다, 거제시동부앞바다)",풍랑,주의보,해제,2024-04-15 23:00:00
2024-04-22 12:00:00,부산·울산·경상남도,"남해동부앞바다(부산앞바다, 거제시동부앞바다), 남해동부안쪽먼바다",풍랑,주의보,발표,2024-04-22 15:00:00
2024-04-24 03:00:00,부산·울산·경상남도,부산앞바다( 동부평수구역 ),풍랑,주의보,해제,2024-04-24 03:00:00
2024-04-24 03:00:00,부산·울산·경상남도,"남해동부앞바다(부산앞바다, 거제시동부앞바다), 남해동부안쪽먼바다",풍랑,주의보,해제,2024-04-24 05:00:00
2024-04-29 11:00:00,부산·울산·경상남도,"동해남부앞바다(울산앞바다), 동해남부남쪽안쪽먼바다, 남해동부앞바다(부산앞바다, 거제시동부앞바다)",풍랑,주의보,발표,2024-04-29 13:00:00
2024-04-30 00:00:00,부산·울산·경상남도,"남해동부앞바다(부산앞바다, 거제시동부앞바다)",풍랑,주의보,해제,2024-04-30 02:00:00
2024-05-05 16:00:00,부산·울산·경상남도,"부산, 울산",강풍,주의보,발표,2024-05-05 18:00:00
2024-05-05 16:00:00,부산·울산·경상남도,남해동부앞바다(부산앞바다),풍랑,주의보,발표,2024-05-05 18:00:00
2024-05-05 20:00:00,부산·울산·경상남도,"경상남도(통영, 거제), 부산",호우,주의보,발표,2024-05-05 20:00:00
2024-05-06 04:00:00,부산·울산·경상남도,"경상남도(양산, 창원, 김해, 밀양, 통영, 거제, 고성), 부산",호우,주의보,해제,2024-05-06 04:00:00
2024-05-06 04:00:00,부산·울산·경상남도,"경상남도(창원, 통영, 거제, 고성), 부산",강풍,주의보,해제,2024-05-06 05:00:00
2024-05-06 09:00:00,부산·울산·경상남도,"부산앞바다( 동부평수구역 , 서부평수구역 , 연안바다 ), 거제시동부앞바다( 연안바다 )",풍랑,주의보,해제,2024-05-06 10:00:00
2024-05-06 10:00:00,부산·울산·경상남도,"남해동부앞바다(부산앞바다, 경남서부남해앞바다, 거제시동부앞바다)",풍랑,주의보,해제,2024-05-06 11:00:00
2024-05-06 10:00:00,부산·울산·경상남도,"남해동부앞바다(부산앞바다, 경남서부남해앞바다, 거제시동부앞바다)",풍랑,주의보,해제,2024-05-06 12:00:00
2024-05-07 18:00:00,부산·울산·경상남도,"남해동부앞바다(부산앞바다, 거제시동부앞바다), 남해동부안쪽먼바다",풍랑,주의보,발표,2024-05-07 21:00:00
2024-05-08 08:50:00,부산·울산·경상남도,"부산앞바다( 서부평수구역 ), 거제시동부앞바다( 연안바다 )",풍랑,주의보,해제,2024-05-08 08:50:00
2024-05-09 02:00:00,부산·울산·경상남도,"동해남부앞바다(울산앞바다), 남해동부앞바다(부산앞바다, 거제시동부앞바다), 남해동부안쪽먼바다, 남해동부바깥먼바다",풍랑,주의보,해제,2024-05-09 04:00:00
2024-05-11 23:50:00,부산·울산·경상남도,"부산, 울산",강풍,주의보,발표,2024-05-11 23:50:00
2024-05-12 07:00:00,부산·울산·경상남도,"부산, 울산",강풍,주의보,해제,2024-05-12 07:00:00
2024-05-15 16:00:00,부산·울산·경상남도,"경상남도(산청, 통영, 거제, 남해), 부산, 울산",강풍,주의보,발표,2024-05-15 17:00:00
2024-05-16 08:50:00,부산·울산·경상남도,"부산앞바다( 동부평수구역 , 서부평수구역 , 연안바다 ), 경남서부남해앞바다( 동부평수구역 , 서부평수구역 , 남부평수구역 , 남해군연안바다 ), 경남중부남해앞바다( 연안바다 ), 거제시동부앞바다( 연안바다 )",풍랑,주의보,해제,2024-05-16 09:00:00
2024-05-16 18:00:00,부산·울산·경상남도,"경상남도(통영, 거제, 남해), 부산, 울산",강풍,주의보,해제,2024-05-16 19:00:00
2024-06-17 10:00:00,부산·울산·경상남도,"경상남도(김해, 밀양, 의령, 창녕, 하동), 부산(부산중부)",폭염,주의보,발표,2024-06-18 10:00:00
2024-06-18 10:30:00,부산·울산·경상남도,"경상남도(양산, 함양, 합천), 부산(부산서부)",폭염,주의보,발표,2024-06-18 10:30:00
2024-06-19 18:00:00,부산·울산·경상남도,"부산(부산중부, 부산서부)",폭염,주의보,해제,2024-06-19 18:00:00
2024-06-22 12:30:00,부산·울산·경상남도,"경상남도(창원), 부산",호우,주의보,발표,2024-06-22 13:30:00
2024-06-22 14:00:00,부산·울산·경상남도,"경상남도(통영, 사천, 거제, 고성, 남해), 부산(부산동부, 부산서부)",강풍,주의보,발표,2024-06-22 14:00:00
2024-06-22 17:30:00,부산·울산·경상남도,"경상남도(통영, 거제), 부산",호우,주의보,해제,2024-06-22 17:30:00
2024-06-22 17:30:00,부산·울산·경상남도,"경상남도(통영, 거제), 부산",호우,주의보,해제,2024-06-22 18:30:00
2024-06-22 21:00:00,부산·울산·경상남도,"동해남부앞바다(울산앞바다), 남해동부앞바다(부산앞바다, 경남서부남해앞바다, 거제시동부앞바다)",풍랑,주의보,발표,2024-06-22 22:00:00
2024-06-23 04:00:00,부산·울산·경상남도,"경상남도(통영, 사천, 거제, 고성, 남해), 부산(부산동부, 부산서부)",강풍,주의보,해제,2024-06-23 04:00:00
2024-06-23 04:00:00,부산·울산·경상남도,"동해남부앞바다(울산앞바다), 남해동부앞바다(부산앞바다, 경남서부남해앞바다, 거제시동부앞바다)",풍랑,주의보,해제,2024-06-23 05:00:00
2024-06-29 18:00:00,부산·울산·경상남도,"경상남도(창원, 김해), 부산",호우,주의보,발표,2024-06-29 19:00:00
2024-06-29 20:00:00,부산·울산·경상남도,부산,호우,경보,변경,2024-06-29 20:00:00
2024-06-29 21:00:00,부산·울산·경상남도,"경상남도(창원, 하동, 산청), 부산, 울산",강풍,주의보,발표,2024-06-29 21:00:00
2024-06-29 21:00:00,부산·울산·경상남도,"남해동부앞바다(부산앞바다, 경남서부남해앞바다, 거제시동부앞바다)",풍랑,주의보,발표,2024-06-29 22:00:00
2024-06-29 21:00:00,부산·울산·경상남도,"남해동부앞바다(부산앞바다, 경남서부남해앞바다, 거제시동부앞바다)",풍랑,주의보,발표,2024-06-29 23:00:00
2024-06-29 21:00:00,부산·울산·경상남도,"남해동부앞바다(부산앞바다, 경남서부남해앞바다, 거제시동부앞바다)",풍랑,주의보,발표,2024-06-29 23:00:00
2024-06-29 23:00:00,부산·울산·경상남도,"경상남도(창원), 부산",호우,주의보,변경,2024-06-29 23:00:00
2024-06-30 11:30:00,부산·울산·경상남도,"경상남도(통영, 거제, 남해 제외), 부산, 울산",호우,주의보,해제,2024-06-30 11:30:00
2024-06-30 16:00:00,부산·울산·경상남도,"경상남도(창원, 하동, 산청, 통영, 사천, 거제, 고성, 남해), 부산, 울산",강풍,주의보,해제,2024-06-30 16:00:00
2024-06-30 20:00:00,부산·울산·경상남도,"동해남부앞바다(울산앞바다), 남해동부앞바다(부산앞바다)",풍랑,주의보,해제,2024-06-30 22:00:00
2024-07-02 18:00:00,부산·울산·경상남도,"경상남도(창원, 하동, 통영, 사천, 거제, 고성, 남해), 부산",강풍,주의보,발표,2024-07-02 18:00:00
2024-07-02 18:00:00,부산·울산·경상남도,"경상남도(창원, 하동, 통영, 사천, 거제, 고성, 남해), 부산",강풍,주의보,발표,2024-07-02 20:00:00
2024-07-02 22:00:00,부산·울산·경상남도,"동해남부앞바다(울산앞바다), 남해동부앞바다(부산앞바다, 거제시동부앞바다)",풍랑,주의보,발표,2024-07-03 00:00:00
2024-07-02 22:00:00,부산·울산·경상남도,"동해남부앞바다(울산앞바다), 남해동부앞바다(부산앞바다, 거제시동부앞바다)",풍랑,주의보,발표,2024-07-03 00:00:00
2024-07-02 22:00:00,부산·울산·경상남도,"동해남부앞바다(울산앞바다), 남해동부앞바다(부산앞바다, 거제시동부앞바다)",풍랑,주의보,발표,2024-07-03 00:00:00
2024-07-03 10:00:00,부산·울산·경상남도,"경상남도(양산, 창원, 김해, 밀양, 의령, 함안, 창녕, 진주, 하동, 산청, 함양, 합천), 부산(부산중부), 울산(울산서부)",폭염,주의보,발표,2024-07-03 10:00:00
2024-07-03 10:00:00,부산·울산·경상남도,"경상남도(통영, 거제), 부산, 울산",강풍,주의보,해제,2024-07-03 11:00:00
2024-07-03 10:00:00,부산·울산·경상남도,"동해남부앞바다(울산앞바다), 남해동부앞바다(부산앞바다, 거제시동부앞바다)",풍랑,주의보,해제,2024-07-03 12:00:00
2024-07-03 14:30:00,부산·울산·경상남도,"부산(부산동부), 울산(울산동부)",폭염,주의보,발표,2024-07-03 14:30:00
2024-07-08 10:00:00,부산·울산·경상남도,"경상남도(진주, 사천, 고성), 부산(부산동부, 부산중부)",폭염,주의보,해제,2024-07-08 10:00:00
2024-07-10 05:10:00,부산·울산·경상남도,"경상남도(창원, 김해, 하동, 통영, 사천, 거제, 고성, 남해), 부산, 울산",강풍,주의보,발표,2024-07-10 05:10:00
2024-07-10 06:20:00,부산·울산·경상남도,"남해동부앞바다(부산앞바다, 경남서부남해앞바다, 거제시동부앞바다)",풍랑,주의보,발표,2024-07-10 08:00:00
2024-07-10 14:00:00,부산·울산·경상남도,"경상남도(통영, 거제), 부산, 울산",강풍,주의보,해제,2024-07-10 14:00:00
2024-07-10 14:00:00,부산·울산·경상남도,"동해남부앞바다(울산앞바다), 남해동부앞바다(부산앞바다, 거제시동부앞바다)",풍랑,주의보,해제,2024-07-10 15:00:00
2024-07-14 02:40:00,부산·울산·경상남도,"경상남도(창원), 부산",호우,주의보,발표,2024-07-14 02:40:00
2024-07-14 11:00:00,부산·울산·경상남도,"경상남도(창원, 고성), 부산",호우,주의보,해제,2024-07-14 11:00:00
2024-07-16 13:40:00,부산·울산·경상남도,부산,호우,주의보,발표,2024-07-16 14:40:00
2024-07-16 22:00:00,부산·울산·경상남도,부산,호우,주의보,해제,2024-07-16 22:00:00
2024-07-18 10:00:00,부산·울산·경상남도,"경상남도(양산, 창원, 김해, 밀양, 창녕), 부산(부산중부)",폭염,주의보,발표,2024-07-18 10:00:00
2024-07-20 10:00:00,부산·울산·경상남도,"경상남도(의령, 함안, 합천), 부산(부산동부, 부산서부), 울산",폭염,주의보,발표,2024-07-20 10:00:00
2024-07-24 00:45:00,부산·울산·경상남도,"경상남도(창원), 부산(부산중부, 부산서부)",호우,주의보,발표,2024-07-24 00:45:00
2024-07-24 01:00:00,부산·울산·경상남도,부산(부산동부),호우,주의보,발표,2024-07-24 01:00:00
2024-07-24 01:30:00,부산·울산·경상남도,부산,호우,경보,변경,2024-07-24 01:30:00
2024-07-24 04:30:00,부산·울산·경상남도,"경상남도(창원), 부산",호우,경보,해제,2024-07-24 04:30:00
2024-07-26 10:00:00,부산·울산·경상남도,"남해동부앞바다(부산앞바다, 경남서부남해앞바다, 거제시동부앞바다)",풍랑,주의보,발표,2024-07-26 12:00:00
2024-07-27 02:00:00,부산·울산·경상남도,"부산앞바다(동부평수구역, 서부평수구역, 연안바다), 경남서부남해앞바다(동부평수구역, 서부평수구역, 남부평수구역, 남해군연안바다), 거제시동부앞바다(연안바다)",풍랑,주의보,해제,2024-07-27 03:00:00
2024-07-27 10:00:00,부산·울산·경상남도,부산(부산동부),폭염,경보,변경,2024-07-27 10:00:00
2024-07-27 18:00:00,부산·울산·경상남도,"남해동부앞바다(부산앞바다, 경남서부남해앞바다, 거제시동부앞바다)",풍랑,주의보,해제,2024-07-27 21:00:00
2024-07-29 10:00:00,부산·울산·경상남도,"경상남도(밀양, 의령, 통영, 사천, 고성), 부산(부산중부, 부산서부), 울산(울산동부)",폭염,경보,변경,2024-07-29 10:00:00
2024-08-08 18:40:00,부산·울산·경상남도,부산(부산서부),호우,주의보,발표,2024-08-08 18:40:00
2024-08-08 20:00:00,부산·울산·경상남도,부산(부산서부),호우,주의보,해제,2024-08-08 20:00:00
2024-08-09 17:00:00,부산·울산·경상남도,"경상남도(통영, 사천, 거제, 고성, 남해), 부산, 울산(울산서부)",폭염,주의보,변경,2024-08-09 17:00:00
2024-08-20 06:05:00,부산·울산·경상남도,"경상남도(양산), 부산(부산동부), 울산",호우,주의보,발표,2024-08-20 06:05:00
2024-08-20 10:00:00,부산·울산·경상남도,부산(부산서부),폭염,경보,변경,2024-08-20 10:00:00
2024-08-20 11:00:00,부산·울산·경상남도,"경상남도(양산), 부산(부산동부)",호우,주의보,해제,2024-08-20 11:00:00
2024-08-20 16:00:00,부산·울산·경상남도,부산(부산동부),폭염,경보,변경,2024-08-20 16:00:00
2024-08-20 21:10:00,부산·울산·경상남도,"경상남도(창원, 통영, 사천, 거제, 고성), 부산",폭풍해일,주의보,발표,2024-08-20 21:10:00
2024-08-20 22:20:00,부산·울산·경상남도,부산,강풍,주의보,발표,2024-08-20 22:20:00
2024-08-20 22:20:00,부산·울산·경상남도,남해동부앞바다(부산앞바다),풍랑,주의보,발표,2024-08-20 22:20:00
2024-08-20 23:30:00,부산·울산·경상남도,"경상남도(창원, 통영, 사천, 거제, 고성), 부산",폭풍해일,주의보,해제,2024-08-20 23:30:00
2024-08-21 09:00:00,부산·울산·경상남도,"경상남도(통영, 거제, 남해), 부산, 울산(울산서부)",강풍,주의보,해제,2024-08-21 09:00:00
2024-08-21 09:00:00,부산·울산·경상남도,"남해동부앞바다(부산앞바다, 경남서부남해앞바다, 거제시동부앞바다)",풍랑,주의보,해제,2024-08-21 10:00:00
2024-08-21 09:00:00,부산·울산·경상남도,"남해동부앞바다(부산앞바다, 경남서부남해앞바다, 거제시동부앞바다)",풍랑,주의보,해제,2024-08-21 11:00:00
2024-08-22 09:00:00,부산·울산·경상남도,"부산(부산중부), 울산(울산서부)",폭염,경보,변경,2024-08-22 09:00:00
2024-08-27 17:40:00,부산·울산·경상남도,"경상남도(밀양), 부산",폭염,주의보,변경,2024-08-27 17:40:00
2024-08-28 22:00:00,부산·울산·경상남도,"경상남도(거제), 부산, 울산",강풍,주의보,발표,2024-08-28 22:00:00
2024-08-28 22:00:00,부산·울산·경상남도,"경상남도(거제), 부산, 울산",강풍,주의보,발표,2024-08-28 22:00:00
2024-08-28 22:00:00,부산·울산·경상남도,"남해동부앞바다(부산앞바다, 거제시동부앞바다)",풍랑,주의보,발표,2024-08-29 00:00:00
2024-08-28 22:00:00,부산·울산·경상남도,"남해동부앞바다(부산앞바다, 거제시동부앞바다)",풍랑,주의보,발표,2024-08-29 00:00:00
2024-08-28 22:00:00,부산·울산·경상남도,"남해동부앞바다(부산앞바다, 거제시동부앞바다)",풍랑,주의보,발표,2024-08-29 00:00:00
2024-08-30 11:00:00,부산·울산·경상남도,"부산앞바다(서부평수구역), 거제시동부앞바다(연안바다)",풍랑,주의보,해제,2024-08-30 11:00:00
2024-08-30 14:00:00,부산·울산·경상남도,부산앞바다(동부평수구역),풍랑,주의보,해제,2024-08-30 14:00:00
2024-08-30 17:00:00,부산·울산·경상남도,부산,강풍,주의보,해제,2024-08-30 17:00:00
2024-08-30 17:00:00,부산·울산·경상남도,"남해동부앞바다(부산앞바다, 거제시동부앞바다)",풍랑,주의보,해제,2024-08-30 18:00:00
2024-09-02 17:00:00,부산·울산·경상남도,"경상남도(하동 제외), 부산",폭염,주의보,해제,2024-09-02 17:00:00
2024-09-05 14:00:00,부산·울산·경상남도,"부산(부산동부), 울산(울산서부)",폭염,주의보,발표,2024-09-05 14:00:00
2024-09-06 10:00:00,부산·울산·경상남도,"경상남도(진주, 산청, 함양), 부산(부산중부, 부산서부)",폭염,주의보,발표,2024-09-06 10:00:00
2024-09-12 10:00:00,부산·울산·경상남도,부산(부산동부),폭염,경보,변경,2024-09-12 10:00:00
2024-09-13 10:00:00,부산·울산·경상남도,"부산(부산중부, 부산서부)",폭염,경보,변경,2024-09-13 10:00:00
2024-09-14 17:00:00,부산·울산·경상남도,"경상남도(양산, 창원, 김해, 밀양, 의령, 창녕, 진주, 합천), 부산",폭염,주의보,변경,2024-09-14 17:00:00
2024-09-17 14:00:00,부산·울산·경상남도,"경상남도(산청, 함양, 고성), 부산",폭염,경보,변경,2024-09-17 14:00:00
2024-09-19 16:00:00,부산·울산·경상남도,"경상남도(거창, 남해 제외), 부산",폭염,경보,해제,2024-09-19 16:00:00
2024-09-20 15:30:00,부산·울산·경상남도,"경상남도(김해), 부산",호우,주의보,발표,2024-09-20 15:30:00
2024-09-21 01:00:00,부산·울산·경상남도,"부산, 울산",강풍,주의보,발표,2024-09-21 01:00:00
2024-09-21 01:00:00,부산·울산·경상남도,"동해남부앞바다(울산앞바다), 남해동부앞바다(부산앞바다), 남해동부안쪽먼바다",풍랑,주의보,발표,2024-09-21 03:00:00
2024-09-21 01:00:00,부산·울산·경상남도,"동해남부앞바다(울산앞바다), 남해동부앞바다(부산앞바다), 남해동부안쪽먼바다",풍랑,주의보,발표,2024-09-21 03:00:00
2024-09-21 18:50:00,부산·울산·경상남도,"부산(부산동부, 부산서부)",강풍,경보,변경,2024-09-21 18:50:00
2024-09-21 18:50:00,부산·울산·경상남도,"부산(부산동부, 부산서부)",강풍,경보,변경,2024-09-21 18:50:00
2024-09-21 21:30:00,부산·울산·경상남도,"부산(부산동부, 부산서부)",강풍,주의보,변경,2024-09-21 21:30:00
2024-09-21 21:30:00,부산·울산·경상남도,"부산(부산동부, 부산서부)",강풍,주의보,변경,2024-09-21 21:30:00
2024-09-21 21:30:00,부산·울산·경상남도,"경상남도(거제), 부산, 울산",호우,경보,해제,2024-09-21 21:30:00
2024-09-22 09:00:00,부산·울산·경상남도,"경상남도(거제), 부산, 울산",강풍,주의보,해제,2024-09-22 09:00:00
2024-09-24 00:00:00,부산·울산·경상남도,"동해남부앞바다(울산앞바다), 남해동부앞바다(부산앞바다, 거제시동부앞바다)",풍랑,주의보,해제,2024-09-24 01:00:00
2024-09-24 00:00:00,부산·울산·경상남도,"동해남부앞바다(울산앞바다), 남해동부앞바다(부산앞바다, 거제시동부앞바다)",풍랑,주의보,해제,2024-09-24 02:00:00
2024-09-28 12:00:00,부산·울산·경상남도,남해동부앞바다(부산앞바다),풍랑,주의보,발표,2024-09-28 13:00:00
2024-09-28 12:00:00,부산·울산·경상남도,남해동부앞바다(부산앞바다),풍랑,주의보,발표,2024-09-28 14:00:00
2024-09-29 08:40:00,부산·울산·경상남도,"울산앞바다(평수구역, 연안바다), 부산앞바다(동부평수구역, 서부평수구역, 연안바다)",풍랑,주의보,해제,2024-09-29 09:30:00
2024-09-29 18:00:00,부산·울산·경상남도,"남해동부앞바다(부산앞바다, 거제시동부앞바다)",풍랑,주의보,해제,2024-09-29 20:00:00
2024-10-02 21:00:00,부산·울산·경상남도,"경상남도(거제), 부산",강풍,주의보,발표,2024-10-02 22:00:00
2024-10-02 21:00:00,부산·울산·경상남도,"남해동부앞바다(부산앞바다, 거제시동부앞바다)",풍랑,주의보,발표,2024-10-02 22:00:00
2024-10-02 21:00:00,부산·울산·경상남도,"경상남도(거제), 부산",강풍,주의보,발표,2024-10-03 00:00:00
2024-10-02 21:00:00,부산·울산·경상남도,"남해동부앞바다(부산앞바다, 거제시동부앞바다)",풍랑,주의보,발표,2024-10-03 00:00:00
2024-10-04 03:00:00,부산·울산·경상남도,"경상남도(거제), 부산, 울산",강풍,주의보,해제,2024-10-04 03:00:00
2024-10-04 10:50:00,부산·울산·경상남도,부산앞바다(서부평수구역),풍랑,주의보,해제,2024-10-04 10:50:00
2024-10-04 14:00:00,부산·울산·경상남도,"동해남부앞바다(울산앞바다), 남해동부앞바다(부산앞바다)",풍랑,주의보,해제,2024-10-04 15:00:00
2024-10-14 23:00:00,부산·울산·경상남도,"경상남도(창원, 통영, 거제), 부산",호우,주의보,발표,2024-10-14 23:00:00
2024-10-15 01:30:00,부산·울산·경상남도,부산,호우,주의보,해제,2024-10-15 01:30:00
2024-10-18 18:00:00,부산·울산·경상남도,부산,호우,주의보,발표,2024-10-18 18:00:00
2024-10-18 18:50:00,부산·울산·경상남도,"부산, 울산",강풍,주의보,발표,2024-10-18 18:50:00
2024-10-18 23:00:00,부산·울산·경상남도,"부산, 울산",강풍,주의보,해제,2024-10-18 23:00:00
2024-10-18 23:00:00,부산·울산·경상남도,부산,호우,주의보,해제,2024-10-18 23:00:00
2024-10-19 14:00:00,부산·울산·경상남도,부산,강풍,주의보,발표,2024-10-19 14:00:00
2024-10-19 14:00:00,부산·울산·경상남도,"남해동부앞바다(부산앞바다), 남해동부안쪽먼바다",풍랑,주의보,발표,2024-10-19 16:00:00
2024-10-19 14:00:00,부산·울산·경상남도,"남해동부앞바다(부산앞바다), 남해동부안쪽먼바다",풍랑,주의보,발표,2024-10-19 16:00:00
2024-10-20 18:00:00,부산·울산·경상남도,"경상남도(통영, 거제, 남해), 부산, 울산",강풍,주의보,해제,2024-10-20 18:00:00
2024-10-21 06:00:00,부산·울산·경상남도,"남해동부앞바다(부산앞바다, 거제시동부앞바다)",풍랑,주의보,해제,2024-10-21 07:00:00
2024-10-21 06:00:00,부산·울산·경상남도,"남해동부앞바다(부산앞바다, 거제시동부앞바다)",풍랑,주의보,해제,2024-10-21 08:00:00
2024-10-22 04:30:00,부산·울산·경상남도,부산,호우,주의보,발표,2024-10-22 04:30:00
2024-10-22 11:00:00,부산·울산·경상남도,"경상남도(창원, 거제), 부산",호우,주의보,해제,2024-10-22 11:00:00
2024-10-28 16:00:00,부산·울산·경상남도,"남해동부앞바다(부산앞바다, 거제시동부앞바다)",풍랑,주의보,발표,2024-10-28 17:00:00
2024-10-28 16:00:00,부산·울산·경상남도,"남해동부앞바다(부산앞바다, 거제시동부앞바다)",풍랑,주의보,발표,2024-10-28 18:00:00
2024-10-29 06:40:00,부산·울산·경상남도,"울산앞바다(연안바다), 부산앞바다(동부평수구역, 서부평수구역, 연안바다)",풍랑,주의보,해제,2024-10-29 06:40:00
2024-10-29 09:00:00,부산·울산·경상남도,"동해남부앞바다(울산앞바다), 남해동부앞바다(부산앞바다, 거제시동부앞바다)",풍랑,주의보,해제,2024-10-29 10:00:00
